Nation,Display Name,Accepted Answers,Source,Generated ID
Algeria,Achref Abada,Abada; Abada Achref,FIFA-SQUAD-PDF,fifa-algeria-achref-abada
Algeria,Adil Boulbina,Boulbina; Boulbina Adil,FIFA-SQUAD-PDF,fifa-algeria-adil-boulbina
Algeria,Aissa Mandi,Mandi; Mandi Aissa,FIFA-SQUAD-PDF,fifa-algeria-aissa-mandi
Algeria,Amine Gouiri,Gouiri; Gouiri Amine,FIFA-SQUAD-PDF,fifa-algeria-amine-gouiri
Algeria,Anis Hadj Moussa,Hadj Moussa; Hadj Moussa Anis,FIFA-SQUAD-PDF,fifa-algeria-anis-hadj-moussa
Algeria,Fares Chaibi,Chaibi; Chaibi Fares,FIFA-SQUAD-PDF,fifa-algeria-fares-chaibi
Algeria,Fares Ghedjemis,Ghedjemis; Ghedjemis Fares,FIFA-SQUAD-PDF,fifa-algeria-fares-ghedjemis
Algeria,Hicham Boudaoui,Boudaoui; Boudaoui Hicham,FIFA-SQUAD-PDF,fifa-algeria-hicham-boudaoui
Algeria,Houssem Aouar,Aouar; Aouar Houssem,FIFA-SQUAD-PDF,fifa-algeria-houssem-aouar
Algeria,Ibrahim Maza,Maza; Maza Ibrahim,FIFA-SQUAD-PDF,fifa-algeria-ibrahim-maza
Algeria,Jaouen Hadjam,Hadjam; Hadjam Jaouen,FIFA-SQUAD-PDF,fifa-algeria-jaouen-hadjam
Algeria,Luca Zidane,Zidane; Zidane Luca,FIFA-SQUAD-PDF,fifa-algeria-luca-zidane
Algeria,Melvin Mastil,Mastil; Mastil Melvin,FIFA-SQUAD-PDF,fifa-algeria-melvin-mastil
Algeria,Mohamed Amoura,Amoura; Amoura Mohamed,FIFA-SQUAD-PDF,fifa-algeria-mohamed-amoura
Algeria,Mohamed Tougai,Tougai; Tougai Mohamed,FIFA-SQUAD-PDF,fifa-algeria-mohamed-tougai
Algeria,Nabil Bentaleb,Bentaleb; Bentaleb Nabil,FIFA-SQUAD-PDF,fifa-algeria-nabil-bentaleb
Algeria,Nadhir Benbouali,Benbouali; Benbouali Nadhir,FIFA-SQUAD-PDF,fifa-algeria-nadhir-benbouali
Algeria,Oussama Benbot,Benbot; Benbot Oussama,FIFA-SQUAD-PDF,fifa-algeria-oussama-benbot
Algeria,Rak Belghali,Belghali; Belghali Rak,FIFA-SQUAD-PDF,fifa-algeria-rak-belghali
Algeria,Ramiz Zerrouki,Zerrouki; Zerrouki Ramiz,FIFA-SQUAD-PDF,fifa-algeria-ramiz-zerrouki
Algeria,Ramy Bensebaini,Bensebaini; Bensebaini Ramy,FIFA-SQUAD-PDF,fifa-algeria-ramy-bensebaini
Algeria,Rayan Ait-Nouri,Ait-Nouri; Ait-Nouri Rayan,FIFA-SQUAD-PDF,fifa-algeria-rayan-ait-nouri
Algeria,Riyad Mahrez,Mahrez; Mahrez Riyad,FIFA-SQUAD-PDF,fifa-algeria-riyad-mahrez
Algeria,Samir Chergui,Chergui; Chergui Samir,FIFA-SQUAD-PDF,fifa-algeria-samir-chergui
Algeria,Yassine Titraoui,Titraoui; Titraoui Yassine,FIFA-SQUAD-PDF,fifa-algeria-yassine-titraoui
Algeria,Zineddine Belaid,Belaid; Belaid Zineddine,FIFA-SQUAD-PDF,fifa-algeria-zineddine-belaid
Argentina,Alexis Mac Allister,Mac Allister; Mac Allister Alexis,FIFA-SQUAD-PDF,fifa-argentina-alexis-mac-allister
Argentina,Cristian Romero,Romero; Romero Cristian,FIFA-SQUAD-PDF,fifa-argentina-cristian-romero
Argentina,Emiliano Martinez,Martinez; Martinez Emiliano,FIFA-SQUAD-PDF,fifa-argentina-emiliano-martinez
Argentina,Enzo Fernandez,Fernandez; Fernandez Enzo,FIFA-SQUAD-PDF,fifa-argentina-enzo-fernandez
Argentina,Exequiel Palacios,Palacios; Palacios Exequiel,FIFA-SQUAD-PDF,fifa-argentina-exequiel-palacios
Argentina,Facundo Medina,Medina; Medina Facundo,FIFA-SQUAD-PDF,fifa-argentina-facundo-medina
Argentina,Geronimo Rulli,Rulli; Rulli Geronimo,FIFA-SQUAD-PDF,fifa-argentina-geronimo-rulli
Argentina,Giovani Lo Celso,Lo Celso; Lo Celso Giovani,FIFA-SQUAD-PDF,fifa-argentina-giovani-lo-celso
Argentina,Giuliano Simeone,Simeone; Simeone Giuliano,FIFA-SQUAD-PDF,fifa-argentina-giuliano-simeone
Argentina,Gonzalo Montiel,Montiel; Montiel Gonzalo,FIFA-SQUAD-PDF,fifa-argentina-gonzalo-montiel
Argentina,Jose Lopez,Lopez; Lopez Jose,FIFA-SQUAD-PDF,fifa-argentina-jose-lopez
Argentina,Juan Musso,Musso; Musso Juan,FIFA-SQUAD-PDF,fifa-argentina-juan-musso
Argentina,Julian Alvarez,Alvarez; Alvarez Julian,FIFA-SQUAD-PDF,fifa-argentina-julian-alvarez
Argentina,Lautaro Martinez,Martinez; Martinez Lautaro,FIFA-SQUAD-PDF,fifa-argentina-lautaro-martinez
Argentina,Leandro Paredes,Paredes; Paredes Leandro,FIFA-SQUAD-PDF,fifa-argentina-leandro-paredes
Argentina,Leonardo Balerdi,Balerdi; Balerdi Leonardo,FIFA-SQUAD-PDF,fifa-argentina-leonardo-balerdi
Argentina,Lionel Messi,Messi; Messi Lionel,FIFA-SQUAD-PDF,fifa-argentina-lionel-messi
Argentina,Lisandro Martinez,Martinez; Martinez Lisandro,FIFA-SQUAD-PDF,fifa-argentina-lisandro-martinez
Argentina,Nahuel Molina,Molina; Molina Nahuel,FIFA-SQUAD-PDF,fifa-argentina-nahuel-molina
Argentina,Nico Gonzalez,Gonzalez; Gonzalez Nico,FIFA-SQUAD-PDF,fifa-argentina-nico-gonzalez
Argentina,Nico Paz,Paz; Paz Nico,FIFA-SQUAD-PDF,fifa-argentina-nico-paz
Argentina,Nicolas Otamendi,Otamendi; Otamendi Nicolas,FIFA-SQUAD-PDF,fifa-argentina-nicolas-otamendi
Argentina,Nicolas Tagliafico,Tagliafico; Tagliafico Nicolas,FIFA-SQUAD-PDF,fifa-argentina-nicolas-tagliafico
Argentina,Rodrigo De Paul,De Paul; De Paul Rodrigo,FIFA-SQUAD-PDF,fifa-argentina-rodrigo-de-paul
Argentina,Thiago Almada,Almada; Almada Thiago,FIFA-SQUAD-PDF,fifa-argentina-thiago-almada
Argentina,Valentin Barco,Barco; Barco Valentin,FIFA-SQUAD-PDF,fifa-argentina-valentin-barco
Australia,Aiden Oneill,Oneill; Oneill Aiden,FIFA-SQUAD-PDF,fifa-australia-aiden-oneill
Australia,Ajdin Hrustic,Hrustic; Hrustic Ajdin,FIFA-SQUAD-PDF,fifa-australia-ajdin-hrustic
Australia,Alessandro Circati,Circati; Circati Alessandro,FIFA-SQUAD-PDF,fifa-australia-alessandro-circati
Australia,Awer Mabil,Mabil; Mabil Awer,FIFA-SQUAD-PDF,fifa-australia-awer-mabil
Australia,Aziz Behich,Behich; Behich Aziz,FIFA-SQUAD-PDF,fifa-australia-aziz-behich
Australia,Cameron Burgess,Burgess; Burgess Cameron,FIFA-SQUAD-PDF,fifa-australia-cameron-burgess
Australia,Cameron Devlin,Devlin; Devlin Cameron,FIFA-SQUAD-PDF,fifa-australia-cameron-devlin
Australia,Connor Metcalfe,Metcalfe; Metcalfe Connor,FIFA-SQUAD-PDF,fifa-australia-connor-metcalfe
Australia,Cristian Volpato,Volpato; Volpato Cristian,FIFA-SQUAD-PDF,fifa-australia-cristian-volpato
Australia,Harry Souttar,Souttar; Souttar Harry,FIFA-SQUAD-PDF,fifa-australia-harry-souttar
Australia,Jackson Irvine,Irvine; Irvine Jackson,FIFA-SQUAD-PDF,fifa-australia-jackson-irvine
Australia,Jacob Italiano,Italiano; Italiano Jacob,FIFA-SQUAD-PDF,fifa-australia-jacob-italiano
Australia,Jason Geria,Geria; Geria Jason,FIFA-SQUAD-PDF,fifa-australia-jason-geria
Australia,Jordan Bos,Bos; Bos Jordan,FIFA-SQUAD-PDF,fifa-australia-jordan-bos
Australia,Kai Trewin,Trewin; Trewin Kai,FIFA-SQUAD-PDF,fifa-australia-kai-trewin
Australia,Lucas Herrington,Herrington; Herrington Lucas,FIFA-SQUAD-PDF,fifa-australia-lucas-herrington
Australia,Mathew Leckie,Leckie; Leckie Mathew,FIFA-SQUAD-PDF,fifa-australia-mathew-leckie
Australia,Mathew Ryan,Ryan; Ryan Mathew,FIFA-SQUAD-PDF,fifa-australia-mathew-ryan
Australia,Milos Degenek,Degenek; Degenek Milos,FIFA-SQUAD-PDF,fifa-australia-milos-degenek
Australia,Mohamed Toure,Toure; Toure Mohamed,FIFA-SQUAD-PDF,fifa-australia-mohamed-toure
Australia,Nestory Irankunda,Irankunda; Irankunda Nestory,FIFA-SQUAD-PDF,fifa-australia-nestory-irankunda
Australia,Nishan Velupillay,Velupillay; Velupillay Nishan,FIFA-SQUAD-PDF,fifa-australia-nishan-velupillay
Australia,Patrick Beach,Beach; Beach Patrick,FIFA-SQUAD-PDF,fifa-australia-patrick-beach
Australia,Paul Izzo,Izzo; Izzo Paul,FIFA-SQUAD-PDF,fifa-australia-paul-izzo
Australia,Paul Okon-Engstler,Okon-Engstler; Okon-Engstler Paul,FIFA-SQUAD-PDF,fifa-australia-paul-okon-engstler
Australia,Tete Yengi,Yengi; Yengi Tete,FIFA-SQUAD-PDF,fifa-australia-tete-yengi
Austria,Alessandro Schoepf,Schoepf; Schoepf Alessandro,FIFA-SQUAD-PDF,fifa-austria-alessandro-schoepf
Austria,Alexander Prass,Prass; Prass Alexander,FIFA-SQUAD-PDF,fifa-austria-alexander-prass
Austria,Alexander Schlager,Schlager; Schlager Alexander,FIFA-SQUAD-PDF,fifa-austria-alexander-schlager
Austria,Carney Chukwuemeka,Chukwuemeka; Chukwuemeka Carney,FIFA-SQUAD-PDF,fifa-austria-carney-chukwuemeka
Austria,Christoph Baumgartner,Baumgartner; Baumgartner Christoph,FIFA-SQUAD-PDF,fifa-austria-christoph-baumgartner
Austria,David Affengruber,Affengruber; Affengruber David,FIFA-SQUAD-PDF,fifa-austria-david-affengruber
Austria,David Alaba,Alaba; Alaba David,FIFA-SQUAD-PDF,fifa-austria-david-alaba
Austria,Florian Grillitsch,Grillitsch; Grillitsch Florian,FIFA-SQUAD-PDF,fifa-austria-florian-grillitsch
Austria,Florian Wiegele,Wiegele; Wiegele Florian,FIFA-SQUAD-PDF,fifa-austria-florian-wiegele
Austria,Kevin Danso,Danso; Danso Kevin,FIFA-SQUAD-PDF,fifa-austria-kevin-danso
Austria,Konrad Laimer,Laimer; Laimer Konrad,FIFA-SQUAD-PDF,fifa-austria-konrad-laimer
Austria,Marcel Sabitzer,Sabitzer; Sabitzer Marcel,FIFA-SQUAD-PDF,fifa-austria-marcel-sabitzer
Austria,Marco Friedl,Friedl; Friedl Marco,FIFA-SQUAD-PDF,fifa-austria-marco-friedl
Austria,Marko Arnautovic,Arnautovic; Arnautovic Marko,FIFA-SQUAD-PDF,fifa-austria-marko-arnautovic
Austria,Michael Gregoritsch,Gregoritsch; Gregoritsch Michael,FIFA-SQUAD-PDF,fifa-austria-michael-gregoritsch
Austria,Michael Svoboda,Svoboda; Svoboda Michael,FIFA-SQUAD-PDF,fifa-austria-michael-svoboda
Austria,Nicolas Seiwald,Seiwald; Seiwald Nicolas,FIFA-SQUAD-PDF,fifa-austria-nicolas-seiwald
Austria,Patrick Pentz,Pentz; Pentz Patrick,FIFA-SQUAD-PDF,fifa-austria-patrick-pentz
Austria,Patrick Wimmer,Wimmer; Wimmer Patrick,FIFA-SQUAD-PDF,fifa-austria-patrick-wimmer
Austria,Paul Wanner,Wanner; Wanner Paul,FIFA-SQUAD-PDF,fifa-austria-paul-wanner
Austria,Philipp Lienhart,Lienhart; Lienhart Philipp,FIFA-SQUAD-PDF,fifa-austria-philipp-lienhart
Austria,Phillip Mwene,Mwene; Mwene Phillip,FIFA-SQUAD-PDF,fifa-austria-phillip-mwene
Austria,Romano Schmid,Schmid; Schmid Romano,FIFA-SQUAD-PDF,fifa-austria-romano-schmid
Austria,Sasa Kalajdzic,Kalajdzic; Kalajdzic Sasa,FIFA-SQUAD-PDF,fifa-austria-sasa-kalajdzic
Austria,Stefan Posch,Posch; Posch Stefan,FIFA-SQUAD-PDF,fifa-austria-stefan-posch
Austria,Xaver Schlager,Schlager; Schlager Xaver,FIFA-SQUAD-PDF,fifa-austria-xaver-schlager
Belgium,Alexis Saelemaekers,Saelemaekers; Saelemaekers Alexis,FIFA-SQUAD-PDF,fifa-belgium-alexis-saelemaekers
Belgium,Amadou Onana,Onana; Onana Amadou,FIFA-SQUAD-PDF,fifa-belgium-amadou-onana
Belgium,Arthur Theate,Theate; Theate Arthur,FIFA-SQUAD-PDF,fifa-belgium-arthur-theate
Belgium,Axel Witsel,Witsel; Witsel Axel,FIFA-SQUAD-PDF,fifa-belgium-axel-witsel
Belgium,Brandon Mechele,Mechele; Mechele Brandon,FIFA-SQUAD-PDF,fifa-belgium-brandon-mechele
Belgium,Charles De Ketelaere,De Ketelaere; De Ketelaere Charles,FIFA-SQUAD-PDF,fifa-belgium-charles-de-ketelaere
Belgium,Diego Moreira,Moreira; Moreira Diego,FIFA-SQUAD-PDF,fifa-belgium-diego-moreira
Belgium,Dodi Lukebakio,Lukebakio; Lukebakio Dodi,FIFA-SQUAD-PDF,fifa-belgium-dodi-lukebakio
Belgium,Hans Vanaken,Vanaken; Vanaken Hans,FIFA-SQUAD-PDF,fifa-belgium-hans-vanaken
Belgium,Jeremy Doku,Doku; Doku Jeremy,FIFA-SQUAD-PDF,fifa-belgium-jeremy-doku
Belgium,Joaquin Seys,Seys; Seys Joaquin,FIFA-SQUAD-PDF,fifa-belgium-joaquin-seys
Belgium,Kevin De Bruyne,De Bruyne; De Bruyne Kevin,FIFA-SQUAD-PDF,fifa-belgium-kevin-de-bruyne
Belgium,Koni De Winter,De Winter; De Winter Koni,FIFA-SQUAD-PDF,fifa-belgium-koni-de-winter
Belgium,Leandro Trossard,Trossard; Trossard Leandro,FIFA-SQUAD-PDF,fifa-belgium-leandro-trossard
Belgium,Matias Fernandez-Pardo,Fernandez-Pardo; Fernandez-Pardo Matias,FIFA-SQUAD-PDF,fifa-belgium-matias-fernandez-pardo
Belgium,Maxim De Cuyper,De Cuyper; De Cuyper Maxim,FIFA-SQUAD-PDF,fifa-belgium-maxim-de-cuyper
Belgium,Mike Penders,Penders; Penders Mike,FIFA-SQUAD-PDF,fifa-belgium-mike-penders
Belgium,Nathan Ngoy,Ngoy; Ngoy Nathan,FIFA-SQUAD-PDF,fifa-belgium-nathan-ngoy
Belgium,Nicolas Raskin,Raskin; Raskin Nicolas,FIFA-SQUAD-PDF,fifa-belgium-nicolas-raskin
Belgium,Romelu Lukaku,Lukaku; Lukaku Romelu,FIFA-SQUAD-PDF,fifa-belgium-romelu-lukaku
Belgium,Senne Lammens,Lammens; Lammens Senne,FIFA-SQUAD-PDF,fifa-belgium-senne-lammens
Belgium,Thibaut Courtois,Courtois; Courtois Thibaut,FIFA-SQUAD-PDF,fifa-belgium-thibaut-courtois
Belgium,Thomas Meunier,Meunier; Meunier Thomas,FIFA-SQUAD-PDF,fifa-belgium-thomas-meunier
Belgium,Timothy Castagne,Castagne; Castagne Timothy,FIFA-SQUAD-PDF,fifa-belgium-timothy-castagne
Belgium,Youri Tielemans,Tielemans; Tielemans Youri,FIFA-SQUAD-PDF,fifa-belgium-youri-tielemans
Belgium,Zeno Debast,Debast; Debast Zeno,FIFA-SQUAD-PDF,fifa-belgium-zeno-debast
Bosnia And Herzegovina,Amar Dedic,Dedic; Dedic Amar,FIFA-SQUAD-PDF,fifa-bosnia-and-herzegovina-amar-dedic
Bosnia And Herzegovina,Amar Memic,Memic; Memic Amar,FIFA-SQUAD-PDF,fifa-bosnia-and-herzegovina-amar-memic
Bosnia And Herzegovina,Amir Hadziahmetovic,Hadziahmetovic; Hadziahmetovic Amir,FIFA-SQUAD-PDF,fifa-bosnia-and-herzegovina-amir-hadziahmetovic
Bosnia And Herzegovina,Armin Gigovic,Gigovic; Gigovic Armin,FIFA-SQUAD-PDF,fifa-bosnia-and-herzegovina-armin-gigovic
Bosnia And Herzegovina,Benjamin Tahirovic,Tahirovic; Tahirovic Benjamin,FIFA-SQUAD-PDF,fifa-bosnia-and-herzegovina-benjamin-tahirovic
Bosnia And Herzegovina,Dennis Hadzikadunic,Hadzikadunic; Hadzikadunic Dennis,FIFA-SQUAD-PDF,fifa-bosnia-and-herzegovina-dennis-hadzikadunic
Bosnia And Herzegovina,Dzenis Burnic,Burnic; Burnic Dzenis,FIFA-SQUAD-PDF,fifa-bosnia-and-herzegovina-dzenis-burnic
Bosnia And Herzegovina,Edin Dzeko,Dzeko; Dzeko Edin,FIFA-SQUAD-PDF,fifa-bosnia-and-herzegovina-edin-dzeko
Bosnia And Herzegovina,Ermedin Demirovic,Demirovic; Demirovic Ermedin,FIFA-SQUAD-PDF,fifa-bosnia-and-herzegovina-ermedin-demirovic
Bosnia And Herzegovina,Ermin Mahmic,Mahmic; Mahmic Ermin,FIFA-SQUAD-PDF,fifa-bosnia-and-herzegovina-ermin-mahmic
Bosnia And Herzegovina,Esmir Bajraktarevic,Bajraktarevic; Bajraktarevic Esmir,FIFA-SQUAD-PDF,fifa-bosnia-and-herzegovina-esmir-bajraktarevic
Bosnia And Herzegovina,Haris Tabakovic,Tabakovic; Tabakovic Haris,FIFA-SQUAD-PDF,fifa-bosnia-and-herzegovina-haris-tabakovic
Bosnia And Herzegovina,Ivan Basic,Basic; Basic Ivan,FIFA-SQUAD-PDF,fifa-bosnia-and-herzegovina-ivan-basic
Bosnia And Herzegovina,Ivan Sunjic,Sunjic; Sunjic Ivan,FIFA-SQUAD-PDF,fifa-bosnia-and-herzegovina-ivan-sunjic
Bosnia And Herzegovina,Jovo Lukic,Lukic; Lukic Jovo,FIFA-SQUAD-PDF,fifa-bosnia-and-herzegovina-jovo-lukic
Bosnia And Herzegovina,Kerim Alajbegovic,Alajbegovic; Alajbegovic Kerim,FIFA-SQUAD-PDF,fifa-bosnia-and-herzegovina-kerim-alajbegovic
Bosnia And Herzegovina,Martin Zlomislic,Zlomislic; Zlomislic Martin,FIFA-SQUAD-PDF,fifa-bosnia-and-herzegovina-martin-zlomislic
Bosnia And Herzegovina,Mladen Jurkas,Jurkas; Jurkas Mladen,FIFA-SQUAD-PDF,fifa-bosnia-and-herzegovina-mladen-jurkas
Bosnia And Herzegovina,Nidal Celik,Celik; Celik Nidal,FIFA-SQUAD-PDF,fifa-bosnia-and-herzegovina-nidal-celik
Bosnia And Herzegovina,Nihad Mujakic,Mujakic; Mujakic Nihad,FIFA-SQUAD-PDF,fifa-bosnia-and-herzegovina-nihad-mujakic
Bosnia And Herzegovina,Nikola Katic,Katic; Katic Nikola,FIFA-SQUAD-PDF,fifa-bosnia-and-herzegovina-nikola-katic
Bosnia And Herzegovina,Nikola Vasilj,Vasilj; Vasilj Nikola,FIFA-SQUAD-PDF,fifa-bosnia-and-herzegovina-nikola-vasilj
Bosnia And Herzegovina,Samed Bazdar,Bazdar; Bazdar Samed,FIFA-SQUAD-PDF,fifa-bosnia-and-herzegovina-samed-bazdar
Bosnia And Herzegovina,Sead Kolasinac,Kolasinac; Kolasinac Sead,FIFA-SQUAD-PDF,fifa-bosnia-and-herzegovina-sead-kolasinac
Bosnia And Herzegovina,Stjepan Radeljic,Radeljic; Radeljic Stjepan,FIFA-SQUAD-PDF,fifa-bosnia-and-herzegovina-stjepan-radeljic
Bosnia And Herzegovina,Tarik Muharemovic,Muharemovic; Muharemovic Tarik,FIFA-SQUAD-PDF,fifa-bosnia-and-herzegovina-tarik-muharemovic
Brazil,Alex Sandro,Alex Sandro Alex; Sandro,FIFA-SQUAD-PDF,fifa-brazil-alex-sandro
Brazil,Alisson,Alisson Álisson,FIFA-SQUAD-PDF,fifa-brazil-alisson
Brazil,Bremer,Bremer Gleison,FIFA-SQUAD-PDF,fifa-brazil-bremer
Brazil,Bruno Guimaraes,Bruno Guimaraes Bruno; Guimaraes,FIFA-SQUAD-PDF,fifa-brazil-bruno-guimaraes
Brazil,Casemiro,Casemiro Carlos,FIFA-SQUAD-PDF,fifa-brazil-casemiro
Brazil,Danilo,Danilo Danilo,FIFA-SQUAD-PDF,fifa-brazil-danilo
Brazil,Danilo Santos,Danilo Santos Danilo; Santos,FIFA-SQUAD-PDF,fifa-brazil-danilo-santos
Brazil,Douglas Santos,Douglas Santos Douglas; Santos,FIFA-SQUAD-PDF,fifa-brazil-douglas-santos
Brazil,Ederson,Ederson Ederson,FIFA-SQUAD-PDF,fifa-brazil-ederson
Brazil,Ederson Silva,Ederson Silva Éderson; Silva,FIFA-SQUAD-PDF,fifa-brazil-ederson-silva
Brazil,Endrick,Endrick Endrick,FIFA-SQUAD-PDF,fifa-brazil-endrick
Brazil,Fabinho,Fabinho Fabio,FIFA-SQUAD-PDF,fifa-brazil-fabinho
Brazil,Gabriel Magalhaes,Gabriel Magalhaes Gabriel; Magalhaes,FIFA-SQUAD-PDF,fifa-brazil-gabriel-magalhaes
Brazil,Gabriel Martinelli,Gabriel Martinelli Gabriel; Martinelli,FIFA-SQUAD-PDF,fifa-brazil-gabriel-martinelli
Brazil,Igor Thiago,Igor Thiago Igor; Thiago,FIFA-SQUAD-PDF,fifa-brazil-igor-thiago
Brazil,Leo Pereira,Leo Pereira Leonardo; Pereira,FIFA-SQUAD-PDF,fifa-brazil-leo-pereira
Brazil,Lucas Paqueta,Lucas Paqueta Lucas; Paqueta,FIFA-SQUAD-PDF,fifa-brazil-lucas-paqueta
Brazil,Luiz Henrique,Luiz Henrique Luiz; Henrique,FIFA-SQUAD-PDF,fifa-brazil-luiz-henrique
Brazil,Marquinhos,Marquinhos Marcos,FIFA-SQUAD-PDF,fifa-brazil-marquinhos
Brazil,Matheus Cunha,Matheus Cunha Matheus; Cunha,FIFA-SQUAD-PDF,fifa-brazil-matheus-cunha
Brazil,Neymar Jr,Neymar Jr Neymar; Jr,FIFA-SQUAD-PDF,fifa-brazil-neymar-jr
Brazil,Raphinha,Raphinha Raphael,FIFA-SQUAD-PDF,fifa-brazil-raphinha
Brazil,Rayan,Rayan Rayan,FIFA-SQUAD-PDF,fifa-brazil-rayan
Brazil,Roger Ibanez,Roger Ibanez Roger; Ibanez,FIFA-SQUAD-PDF,fifa-brazil-roger-ibanez
Brazil,Vinicius Junior,Vinicius Junior Vinicius; Junior,FIFA-SQUAD-PDF,fifa-brazil-vinicius-junior
Brazil,Weverton,Weverton Weverton,FIFA-SQUAD-PDF,fifa-brazil-weverton
Cabo Verde,Carlos Cj Dos Santos,Cj Dos Santos; Cj Dos Santos Carlos,FIFA-SQUAD-PDF,fifa-cabo-verde-carlos-cj-dos-santos
Cabo Verde,Dailon Livramento,Dailon Livramento Dailon; Livramento,FIFA-SQUAD-PDF,fifa-cabo-verde-dailon-livramento
Cabo Verde,Deroy Duarte,Deroy Duarte Deroy; Duarte,FIFA-SQUAD-PDF,fifa-cabo-verde-deroy-duarte
Cabo Verde,Edilson Diney Borges,Diney Borges; Diney Borges Edilson,FIFA-SQUAD-PDF,fifa-cabo-verde-edilson-diney-borges
Cabo Verde,Garry Rodrigues,Garry Rodrigues Garry; Rodrigues,FIFA-SQUAD-PDF,fifa-cabo-verde-garry-rodrigues
Cabo Verde,Gilson Benchimol,Gilson Benchimol Gilson; Benchimol,FIFA-SQUAD-PDF,fifa-cabo-verde-gilson-benchimol
Cabo Verde,Helio Varela,Helio Varela Hélio; Varela,FIFA-SQUAD-PDF,fifa-cabo-verde-helio-varela
Cabo Verde,Ianique Stopira,Stopira; Stopira Ianique,FIFA-SQUAD-PDF,fifa-cabo-verde-ianique-stopira
Cabo Verde,Jair Yannick Semedo,Yannick Semedo; Yannick Semedo Jair,FIFA-SQUAD-PDF,fifa-cabo-verde-jair-yannick-semedo
Cabo Verde,Jamiro Monteiro,Jamiro Monteiro Jamiro; Monteiro,FIFA-SQUAD-PDF,fifa-cabo-verde-jamiro-monteiro
Cabo Verde,Joao Paulo,Joao Paulo João; Paulo,FIFA-SQUAD-PDF,fifa-cabo-verde-joao-paulo
Cabo Verde,Josimar Vozinha,Vozinha; Vozinha Josimar,FIFA-SQUAD-PDF,fifa-cabo-verde-josimar-vozinha
Cabo Verde,Jovane Cabral,Jovane Cabral Jovane; Cabral,FIFA-SQUAD-PDF,fifa-cabo-verde-jovane-cabral
Cabo Verde,Kelvin Pires,Kelvin Pires Kelvin; Pires,FIFA-SQUAD-PDF,fifa-cabo-verde-kelvin-pires
Cabo Verde,Kevin Pina,Kevin Pina Kevin; Pina,FIFA-SQUAD-PDF,fifa-cabo-verde-kevin-pina
Cabo Verde,Laros Duarte,Laros Duarte Laros; Duarte,FIFA-SQUAD-PDF,fifa-cabo-verde-laros-duarte
Cabo Verde,Logan Costa,Logan Costa Logan; Costa,FIFA-SQUAD-PDF,fifa-cabo-verde-logan-costa
Cabo Verde,Marcio Rosa,Marcio Rosa Márcio; Rosa,FIFA-SQUAD-PDF,fifa-cabo-verde-marcio-rosa
Cabo Verde,Nuno Da Costa,Nuno Da Costa Nuno; Da Costa,FIFA-SQUAD-PDF,fifa-cabo-verde-nuno-da-costa
Cabo Verde,Roberto Pico Lopes,Pico Lopes; Pico Lopes Roberto,FIFA-SQUAD-PDF,fifa-cabo-verde-roberto-pico-lopes
Cabo Verde,Ryan Mendes,Ryan Mendes Ryan; Mendes,FIFA-SQUAD-PDF,fifa-cabo-verde-ryan-mendes
Cabo Verde,Sidny Lopes Cabral,Sidny Lopes Cabral Sidny; Lopes Cabral,FIFA-SQUAD-PDF,fifa-cabo-verde-sidny-lopes-cabral
Cabo Verde,Steven Moreira,Steven Moreira Steven; Moreira,FIFA-SQUAD-PDF,fifa-cabo-verde-steven-moreira
Cabo Verde,Telmo Arcanjo,Telmo Arcanjo Telmo; Arcanjo,FIFA-SQUAD-PDF,fifa-cabo-verde-telmo-arcanjo
Cabo Verde,Wagner Pina,Wagner Pina Wagner; Pina,FIFA-SQUAD-PDF,fifa-cabo-verde-wagner-pina
Cabo Verde,Willy Semedo,Willy Semedo Willy; Semedo,FIFA-SQUAD-PDF,fifa-cabo-verde-willy-semedo
Canada,Ale Jones,Jones; Jones Ale,FIFA-SQUAD-PDF,fifa-canada-ale-jones
Canada,Ali Ahmed,Ahmed; Ahmed Ali,FIFA-SQUAD-PDF,fifa-canada-ali-ahmed
Canada,Alistair Johnston,Johnston; Johnston Alistair,FIFA-SQUAD-PDF,fifa-canada-alistair-johnston
Canada,Alphonso Davies,Davies; Davies Alphonso,FIFA-SQUAD-PDF,fifa-canada-alphonso-davies
Canada,Cyle Larin,Larin; Larin Cyle,FIFA-SQUAD-PDF,fifa-canada-cyle-larin
Canada,Dayne St. Clair,St. Clair; St. Clair Dayne,FIFA-SQUAD-PDF,fifa-canada-dayne-st-clair
Canada,Derek Cornelius,Cornelius; Cornelius Derek,FIFA-SQUAD-PDF,fifa-canada-derek-cornelius
Canada,Ismael Kone,Kone; Kone Ismael,FIFA-SQUAD-PDF,fifa-canada-ismael-kone
Canada,Jacob Shaffelburg,Shaffelburg; Shaffelburg Jacob,FIFA-SQUAD-PDF,fifa-canada-jacob-shaffelburg
Canada,Joel Waterman,Waterman; Waterman Joel,FIFA-SQUAD-PDF,fifa-canada-joel-waterman
Canada,Jonathan David,David; David Jonathan,FIFA-SQUAD-PDF,fifa-canada-jonathan-david
Canada,Jonathan Osorio,Osorio; Osorio Jonathan,FIFA-SQUAD-PDF,fifa-canada-jonathan-osorio
Canada,Liam Millar,Millar; Millar Liam,FIFA-SQUAD-PDF,fifa-canada-liam-millar
Canada,Luc De Fougerolles,De Fougerolles; De Fougerolles Luc,FIFA-SQUAD-PDF,fifa-canada-luc-de-fougerolles
Canada,Marcelo Flores,Flores; Flores Marcelo,FIFA-SQUAD-PDF,fifa-canada-marcelo-flores
Canada,Mathieu Choiniere,Choiniere; Choiniere Mathieu,FIFA-SQUAD-PDF,fifa-canada-mathieu-choiniere
Canada,Maxime Crepeau,Crepeau; Crepeau Maxime,FIFA-SQUAD-PDF,fifa-canada-maxime-crepeau
Canada,Moise Bombito,Bombito; Bombito Moise,FIFA-SQUAD-PDF,fifa-canada-moise-bombito
Canada,Nathan Saliba,Saliba; Saliba Nathan,FIFA-SQUAD-PDF,fifa-canada-nathan-saliba
Canada,Niko Sigur,Sigur; Sigur Niko,FIFA-SQUAD-PDF,fifa-canada-niko-sigur
Canada,Owen Goodman,Goodman; Goodman Owen,FIFA-SQUAD-PDF,fifa-canada-owen-goodman
Canada,Promise David,David; David Promise,FIFA-SQUAD-PDF,fifa-canada-promise-david
Canada,Richie Laryea,Laryea; Laryea Richie,FIFA-SQUAD-PDF,fifa-canada-richie-laryea
Canada,Stephen Eustaquio,Eustaquio; Eustaquio Stephen,FIFA-SQUAD-PDF,fifa-canada-stephen-eustaquio
Canada,Tajon Buchanan,Buchanan; Buchanan Tajon,FIFA-SQUAD-PDF,fifa-canada-tajon-buchanan
Canada,Tani Oluwaseyi,Oluwaseyi; Oluwaseyi Tani,FIFA-SQUAD-PDF,fifa-canada-tani-oluwaseyi
Colombia,Alvaro Montero,Montero; Montero Alvaro,FIFA-SQUAD-PDF,fifa-colombia-alvaro-montero
Colombia,Andres Gomez,Gomez; Gomez Andres,FIFA-SQUAD-PDF,fifa-colombia-andres-gomez
Colombia,Camilo Vargas,Vargas; Vargas Camilo,FIFA-SQUAD-PDF,fifa-colombia-camilo-vargas
Colombia,Cucho Hernandez,Hernandez; Hernandez Cucho,FIFA-SQUAD-PDF,fifa-colombia-cucho-hernandez
Colombia,Daniel Munoz,Munoz; Munoz Daniel,FIFA-SQUAD-PDF,fifa-colombia-daniel-munoz
Colombia,David Ospina,Ospina; Ospina David,FIFA-SQUAD-PDF,fifa-colombia-david-ospina
Colombia,Davinson Sanchez,Sanchez; Sanchez Davinson,FIFA-SQUAD-PDF,fifa-colombia-davinson-sanchez
Colombia,Deiver MacHado,MacHado; MacHado Deiver,FIFA-SQUAD-PDF,fifa-colombia-deiver-machado
Colombia,Gustavo Puerta,Puerta; Puerta Gustavo,FIFA-SQUAD-PDF,fifa-colombia-gustavo-puerta
Colombia,James Rodriguez,Rodriguez; Rodriguez James,FIFA-SQUAD-PDF,fifa-colombia-james-rodriguez
Colombia,Jaminton Campaz,Campaz; Campaz Jaminton,FIFA-SQUAD-PDF,fifa-colombia-jaminton-campaz
Colombia,Jefferson Lerma,Lerma; Lerma Jefferson,FIFA-SQUAD-PDF,fifa-colombia-jefferson-lerma
Colombia,Jhon Arias,Arias; Arias Jhon,FIFA-SQUAD-PDF,fifa-colombia-jhon-arias
Colombia,Jhon Cordoba,Cordoba; Cordoba Jhon,FIFA-SQUAD-PDF,fifa-colombia-jhon-cordoba
Colombia,Jhon Lucumi,Lucumi; Lucumi Jhon,FIFA-SQUAD-PDF,fifa-colombia-jhon-lucumi
Colombia,Johan Mojica,Mojica; Mojica Johan,FIFA-SQUAD-PDF,fifa-colombia-johan-mojica
Colombia,Jorge Carrascal,Carrascal; Carrascal Jorge,FIFA-SQUAD-PDF,fifa-colombia-jorge-carrascal
Colombia,Juan Portilla,Portilla; Portilla Juan,FIFA-SQUAD-PDF,fifa-colombia-juan-portilla
Colombia,Juan Quintero,Quintero; Quintero Juan,FIFA-SQUAD-PDF,fifa-colombia-juan-quintero
Colombia,Kevin Castano,Castano; Castano Kevin,FIFA-SQUAD-PDF,fifa-colombia-kevin-castano
Colombia,Luis Diaz,Diaz; Diaz Luis,FIFA-SQUAD-PDF,fifa-colombia-luis-diaz
Colombia,Luis Suarez,Suarez; Suarez Luis,FIFA-SQUAD-PDF,fifa-colombia-luis-suarez
Colombia,Richard Rios,Rios; Rios Richard,FIFA-SQUAD-PDF,fifa-colombia-richard-rios
Colombia,Santiago Arias,Arias; Arias Santiago,FIFA-SQUAD-PDF,fifa-colombia-santiago-arias
Colombia,Willer Ditta,Ditta; Ditta Willer,FIFA-SQUAD-PDF,fifa-colombia-willer-ditta
Colombia,Yerry Mina,Mina; Mina Yerry,FIFA-SQUAD-PDF,fifa-colombia-yerry-mina
Congo DR,Aaron Tshibola,Tshibola; Tshibola Aaron,FIFA-SQUAD-PDF,fifa-congo-dr-aaron-tshibola
Congo DR,Aaron Wan-Bissaka,Wan-Bissaka; Wan-Bissaka Aaron,FIFA-SQUAD-PDF,fifa-congo-dr-aaron-wan-bissaka
Congo DR,Arthur Masuaku,Masuaku; Masuaku Arthur,FIFA-SQUAD-PDF,fifa-congo-dr-arthur-masuaku
Congo DR,Axel Tuanzebe,Tuanzebe; Tuanzebe Axel,FIFA-SQUAD-PDF,fifa-congo-dr-axel-tuanzebe
Congo DR,Brian Cipenga,Cipenga; Cipenga Brian,FIFA-SQUAD-PDF,fifa-congo-dr-brian-cipenga
Congo DR,Cedric Bakambu,Bakambu; Bakambu Cedric,FIFA-SQUAD-PDF,fifa-congo-dr-cedric-bakambu
Congo DR,Chancel Mbemba,Mbemba; Mbemba Chancel,FIFA-SQUAD-PDF,fifa-congo-dr-chancel-mbemba
Congo DR,Charles Pickel,Pickel; Pickel Charles,FIFA-SQUAD-PDF,fifa-congo-dr-charles-pickel
Congo DR,Dylan Batubinsika,Batubinsika; Batubinsika Dylan,FIFA-SQUAD-PDF,fifa-congo-dr-dylan-batubinsika
Congo DR,Edo Kayembe,Kayembe; Kayembe Edo,FIFA-SQUAD-PDF,fifa-congo-dr-edo-kayembe
Congo DR,Fiston Mayele,Mayele; Mayele Fiston,FIFA-SQUAD-PDF,fifa-congo-dr-fiston-mayele
Congo DR,Gael Kakuta,Kakuta; Kakuta Gael,FIFA-SQUAD-PDF,fifa-congo-dr-gael-kakuta
Congo DR,Gedeon Kalulu,Kalulu; Kalulu Gedeon,FIFA-SQUAD-PDF,fifa-congo-dr-gedeon-kalulu
Congo DR,Joris Kayembe,Kayembe; Kayembe Joris,FIFA-SQUAD-PDF,fifa-congo-dr-joris-kayembe
Congo DR,Lionel Mpasi,Mpasi; Mpasi Lionel,FIFA-SQUAD-PDF,fifa-congo-dr-lionel-mpasi
Congo DR,Matthieu Epolo,Epolo; Epolo Matthieu,FIFA-SQUAD-PDF,fifa-congo-dr-matthieu-epolo
Congo DR,Meschack Elia,Elia; Elia Meschack,FIFA-SQUAD-PDF,fifa-congo-dr-meschack-elia
Congo DR,Nathanael Mbuku,Mbuku; Mbuku Nathanael,FIFA-SQUAD-PDF,fifa-congo-dr-nathanael-mbuku
Congo DR,Ngalayel Mukau,Mukau; Mukau Ngalayel,FIFA-SQUAD-PDF,fifa-congo-dr-ngalayel-mukau
Congo DR,Noah Sadiki,Sadiki; Sadiki Noah,FIFA-SQUAD-PDF,fifa-congo-dr-noah-sadiki
Congo DR,Samuel Moutoussamy,Moutoussamy; Moutoussamy Samuel,FIFA-SQUAD-PDF,fifa-congo-dr-samuel-moutoussamy
Congo DR,Simon Banza,Banza; Banza Simon,FIFA-SQUAD-PDF,fifa-congo-dr-simon-banza
Congo DR,Steve Kapuadi,Kapuadi; Kapuadi Steve,FIFA-SQUAD-PDF,fifa-congo-dr-steve-kapuadi
Congo DR,Theo Bongonda,Bongonda; Bongonda Theo,FIFA-SQUAD-PDF,fifa-congo-dr-theo-bongonda
Congo DR,Timothy Fayulu,Fayulu; Fayulu Timothy,FIFA-SQUAD-PDF,fifa-congo-dr-timothy-fayulu
Congo DR,Yoane Wissa,Wissa; Wissa Yoane,FIFA-SQUAD-PDF,fifa-congo-dr-yoane-wissa
Croatia,Andrej Kramaric,Kramaric; Kramaric Andrej,FIFA-SQUAD-PDF,fifa-croatia-andrej-kramaric
Croatia,Ante Budimir,Budimir; Budimir Ante,FIFA-SQUAD-PDF,fifa-croatia-ante-budimir
Croatia,Dominik Kotarski,Kotarski; Kotarski Dominik,FIFA-SQUAD-PDF,fifa-croatia-dominik-kotarski
Croatia,Dominik Livakovic,Livakovic; Livakovic Dominik,FIFA-SQUAD-PDF,fifa-croatia-dominik-livakovic
Croatia,Duje Caleta-Car,Caleta-Car; Caleta-Car Duje,FIFA-SQUAD-PDF,fifa-croatia-duje-caleta-car
Croatia,Igor Matanovic,Matanovic; Matanovic Igor,FIFA-SQUAD-PDF,fifa-croatia-igor-matanovic
Croatia,Ivan Perisic,Perisic; Perisic Ivan,FIFA-SQUAD-PDF,fifa-croatia-ivan-perisic
Croatia,Ivor Pandur,Pandur; Pandur Ivor,FIFA-SQUAD-PDF,fifa-croatia-ivor-pandur
Croatia,Josip Stanisic,Stanisic; Stanisic Josip,FIFA-SQUAD-PDF,fifa-croatia-josip-stanisic
Croatia,Josip Sutalo,Sutalo; Sutalo Josip,FIFA-SQUAD-PDF,fifa-croatia-josip-sutalo
Croatia,Josko Gvardiol,Gvardiol; Gvardiol Josko,FIFA-SQUAD-PDF,fifa-croatia-josko-gvardiol
Croatia,Kristijan Jakic,Jakic; Jakic Kristijan,FIFA-SQUAD-PDF,fifa-croatia-kristijan-jakic
Croatia,Luka Modric,Modric; Modric Luka,FIFA-SQUAD-PDF,fifa-croatia-luka-modric
Croatia,Luka Sucic,Sucic; Sucic Luka,FIFA-SQUAD-PDF,fifa-croatia-luka-sucic
Croatia,Luka Vuskovic,Vuskovic; Vuskovic Luka,FIFA-SQUAD-PDF,fifa-croatia-luka-vuskovic
Croatia,Marco Pasalic,Pasalic; Pasalic Marco,FIFA-SQUAD-PDF,fifa-croatia-marco-pasalic
Croatia,Marin Pongracic,Pongracic; Pongracic Marin,FIFA-SQUAD-PDF,fifa-croatia-marin-pongracic
Croatia,Mario Pasalic,Pasalic; Pasalic Mario,FIFA-SQUAD-PDF,fifa-croatia-mario-pasalic
Croatia,Martin Baturina,Baturina; Baturina Martin,FIFA-SQUAD-PDF,fifa-croatia-martin-baturina
Croatia,Martin Erlic,Erlic; Erlic Martin,FIFA-SQUAD-PDF,fifa-croatia-martin-erlic
Croatia,Mateo Kovacic,Kovacic; Kovacic Mateo,FIFA-SQUAD-PDF,fifa-croatia-mateo-kovacic
Croatia,Nikola Moro,Moro; Moro Nikola,FIFA-SQUAD-PDF,fifa-croatia-nikola-moro
Croatia,Nikola Vlasic,Vlasic; Vlasic Nikola,FIFA-SQUAD-PDF,fifa-croatia-nikola-vlasic
Croatia,Petar Musa,Musa; Musa Petar,FIFA-SQUAD-PDF,fifa-croatia-petar-musa
Croatia,Petar Sucic,Sucic; Sucic Petar,FIFA-SQUAD-PDF,fifa-croatia-petar-sucic
Croatia,Toni Fruk,Fruk; Fruk Toni,FIFA-SQUAD-PDF,fifa-croatia-toni-fruk
Curaçao,Arjany Martha,Martha; Martha Arjany,FIFA-SQUAD-PDF,fifa-curacao-arjany-martha
Curaçao,Armando Obispo,Obispo; Obispo Armando,FIFA-SQUAD-PDF,fifa-curacao-armando-obispo
Curaçao,Brandley Kuwas,Kuwas; Kuwas Brandley,FIFA-SQUAD-PDF,fifa-curacao-brandley-kuwas
Curaçao,Deveron Fonville,Fonville; Fonville Deveron,FIFA-SQUAD-PDF,fifa-curacao-deveron-fonville
Curaçao,Eloy Room,Room; Room Eloy,FIFA-SQUAD-PDF,fifa-curacao-eloy-room
Curaçao,Gervane Kastaneer,Kastaneer; Kastaneer Gervane,FIFA-SQUAD-PDF,fifa-curacao-gervane-kastaneer
Curaçao,Godfried Roemeratoe,Roemeratoe; Roemeratoe Godfried,FIFA-SQUAD-PDF,fifa-curacao-godfried-roemeratoe
Curaçao,Jearl Margaritha,Margaritha; Margaritha Jearl,FIFA-SQUAD-PDF,fifa-curacao-jearl-margaritha
Curaçao,Jeremy Antonisse,Antonisse; Antonisse Jeremy,FIFA-SQUAD-PDF,fifa-curacao-jeremy-antonisse
Curaçao,Joshua Brenet,Brenet; Brenet Joshua,FIFA-SQUAD-PDF,fifa-curacao-joshua-brenet
Curaçao,Juergen Locadia,Locadia; Locadia Juergen,FIFA-SQUAD-PDF,fifa-curacao-juergen-locadia
Curaçao,Juninho Bacuna,Bacuna; Bacuna Juninho,FIFA-SQUAD-PDF,fifa-curacao-juninho-bacuna
Curaçao,Jurien Gaari,Gaari; Gaari Jurien,FIFA-SQUAD-PDF,fifa-curacao-jurien-gaari
Curaçao,Kenji Gorre,Gorre; Gorre Kenji,FIFA-SQUAD-PDF,fifa-curacao-kenji-gorre
Curaçao,Kevin Felida,Felida; Felida Kevin,FIFA-SQUAD-PDF,fifa-curacao-kevin-felida
Curaçao,Leandro Bacuna,Bacuna; Bacuna Leandro,FIFA-SQUAD-PDF,fifa-curacao-leandro-bacuna
Curaçao,Livano Comenencia,Comenencia; Comenencia Livano,FIFA-SQUAD-PDF,fifa-curacao-livano-comenencia
Curaçao,Riechedly Bazoer,Bazoer; Bazoer Riechedly,FIFA-SQUAD-PDF,fifa-curacao-riechedly-bazoer
Curaçao,Roshon Van Eijma,Van Eijma; Van Eijma Roshon,FIFA-SQUAD-PDF,fifa-curacao-roshon-van-eijma
Curaçao,Sherel Floranus,Floranus; Floranus Sherel,FIFA-SQUAD-PDF,fifa-curacao-sherel-floranus
Curaçao,Shurandy Sambo,Sambo; Sambo Shurandy,FIFA-SQUAD-PDF,fifa-curacao-shurandy-sambo
Curaçao,Sontje Hansen,Hansen; Hansen Sontje,FIFA-SQUAD-PDF,fifa-curacao-sontje-hansen
Curaçao,Tahith Chong,Chong; Chong Tahith,FIFA-SQUAD-PDF,fifa-curacao-tahith-chong
Curaçao,Trevor Doornbusch,Doornbusch; Doornbusch Trevor,FIFA-SQUAD-PDF,fifa-curacao-trevor-doornbusch
Curaçao,Tyrese Noslin,Noslin; Noslin Tyrese,FIFA-SQUAD-PDF,fifa-curacao-tyrese-noslin
Curaçao,Tyrick Bodak,Bodak; Bodak Tyrick,FIFA-SQUAD-PDF,fifa-curacao-tyrick-bodak
Czechia,Adam Hlozek,Hlozek; Hlozek Adam,FIFA-SQUAD-PDF,fifa-czechia-adam-hlozek
Czechia,Alexandr Sojka,Sojka; Sojka Alexandr,FIFA-SQUAD-PDF,fifa-czechia-alexandr-sojka
Czechia,David Doudera,Doudera; Doudera David,FIFA-SQUAD-PDF,fifa-czechia-david-doudera
Czechia,David Jurasek,Jurasek; Jurasek David,FIFA-SQUAD-PDF,fifa-czechia-david-jurasek
Czechia,David Zima,Zima; Zima David,FIFA-SQUAD-PDF,fifa-czechia-david-zima
Czechia,Denis Visinsky,Visinsky; Visinsky Denis,FIFA-SQUAD-PDF,fifa-czechia-denis-visinsky
Czechia,Hugo Sochurek,Sochurek; Sochurek Hugo,FIFA-SQUAD-PDF,fifa-czechia-hugo-sochurek
Czechia,Jan Kuchta,Kuchta; Kuchta Jan,FIFA-SQUAD-PDF,fifa-czechia-jan-kuchta
Czechia,Jaroslav Zeleny,Zeleny; Zeleny Jaroslav,FIFA-SQUAD-PDF,fifa-czechia-jaroslav-zeleny
Czechia,Jindrich Stanek,Stanek; Stanek Jindrich,FIFA-SQUAD-PDF,fifa-czechia-jindrich-stanek
Czechia,Ladislav Krejci,Krejci; Krejci Ladislav,FIFA-SQUAD-PDF,fifa-czechia-ladislav-krejci
Czechia,Lukas Cerv,Cerv; Cerv Lukas,FIFA-SQUAD-PDF,fifa-czechia-lukas-cerv
Czechia,Lukas Hornicek,Hornicek; Hornicek Lukas,FIFA-SQUAD-PDF,fifa-czechia-lukas-hornicek
Czechia,Lukas Provod,Provod; Provod Lukas,FIFA-SQUAD-PDF,fifa-czechia-lukas-provod
Czechia,Matej Kovar,Kovar; Kovar Matej,FIFA-SQUAD-PDF,fifa-czechia-matej-kovar
Czechia,Michal Sadilek,Sadilek; Sadilek Michal,FIFA-SQUAD-PDF,fifa-czechia-michal-sadilek
Czechia,Mojmir Chytil,Chytil; Chytil Mojmir,FIFA-SQUAD-PDF,fifa-czechia-mojmir-chytil
Czechia,Patrik Schick,Schick; Schick Patrik,FIFA-SQUAD-PDF,fifa-czechia-patrik-schick
Czechia,Pavel Sulc,Sulc; Sulc Pavel,FIFA-SQUAD-PDF,fifa-czechia-pavel-sulc
Czechia,Robin Hranac,Hranac; Hranac Robin,FIFA-SQUAD-PDF,fifa-czechia-robin-hranac
Czechia,Stepan Chaloupek,Chaloupek; Chaloupek Stepan,FIFA-SQUAD-PDF,fifa-czechia-stepan-chaloupek
Czechia,Tomas Chory,Chory; Chory Tomas,FIFA-SQUAD-PDF,fifa-czechia-tomas-chory
Czechia,Tomas Holes,Holes; Holes Tomas,FIFA-SQUAD-PDF,fifa-czechia-tomas-holes
Czechia,Tomas Soucek,Soucek; Soucek Tomas,FIFA-SQUAD-PDF,fifa-czechia-tomas-soucek
Czechia,Vladimir Coufal,Coufal; Coufal Vladimir,FIFA-SQUAD-PDF,fifa-czechia-vladimir-coufal
Czechia,Vladimir Darida,Darida; Darida Vladimir,FIFA-SQUAD-PDF,fifa-czechia-vladimir-darida
Côte D'Ivoire,Alban Lafont,Lafont; Lafont Alban,FIFA-SQUAD-PDF,fifa-cote-d-ivoire-alban-lafont
Côte D'Ivoire,Amad Diallo,Diallo; Diallo Amad,FIFA-SQUAD-PDF,fifa-cote-d-ivoire-amad-diallo
Côte D'Ivoire,Ange Bonny,Bonny; Bonny Ange,FIFA-SQUAD-PDF,fifa-cote-d-ivoire-ange-bonny
Côte D'Ivoire,Bazoumana Toure,Toure; Toure Bazoumana,FIFA-SQUAD-PDF,fifa-cote-d-ivoire-bazoumana-toure
Côte D'Ivoire,Christ Oulai,Oulai; Oulai Christ,FIFA-SQUAD-PDF,fifa-cote-d-ivoire-christ-oulai
Côte D'Ivoire,Christopher Operi,Operi; Operi Christopher,FIFA-SQUAD-PDF,fifa-cote-d-ivoire-christopher-operi
Côte D'Ivoire,Elye Wahi,Wahi; Wahi Elye,FIFA-SQUAD-PDF,fifa-cote-d-ivoire-elye-wahi
Côte D'Ivoire,Emmanuel Agbadou,Agbadou; Agbadou Emmanuel,FIFA-SQUAD-PDF,fifa-cote-d-ivoire-emmanuel-agbadou
Côte D'Ivoire,Evan Ndicka,Ndicka; Ndicka Evan,FIFA-SQUAD-PDF,fifa-cote-d-ivoire-evan-ndicka
Côte D'Ivoire,Evann Guessand,Guessand; Guessand Evann,FIFA-SQUAD-PDF,fifa-cote-d-ivoire-evann-guessand
Côte D'Ivoire,Franck Kessie,Kessie; Kessie Franck,FIFA-SQUAD-PDF,fifa-cote-d-ivoire-franck-kessie
Côte D'Ivoire,Ghislain Konan,Konan; Konan Ghislain,FIFA-SQUAD-PDF,fifa-cote-d-ivoire-ghislain-konan
Côte D'Ivoire,Guela Doue,Doue; Doue Guela,FIFA-SQUAD-PDF,fifa-cote-d-ivoire-guela-doue
Côte D'Ivoire,Ibrahim Sangare,Sangare; Sangare Ibrahim,FIFA-SQUAD-PDF,fifa-cote-d-ivoire-ibrahim-sangare
Côte D'Ivoire,Jean Seri,Seri; Seri Jean,FIFA-SQUAD-PDF,fifa-cote-d-ivoire-jean-seri
Côte D'Ivoire,Mohamed Kone,Kone; Kone Mohamed,FIFA-SQUAD-PDF,fifa-cote-d-ivoire-mohamed-kone
Côte D'Ivoire,Nicolas Pepe,Pepe; Pepe Nicolas,FIFA-SQUAD-PDF,fifa-cote-d-ivoire-nicolas-pepe
Côte D'Ivoire,Odilon Kossounou,Kossounou; Kossounou Odilon,FIFA-SQUAD-PDF,fifa-cote-d-ivoire-odilon-kossounou
Côte D'Ivoire,Oumar Diakite,Diakite; Diakite Oumar,FIFA-SQUAD-PDF,fifa-cote-d-ivoire-oumar-diakite
Côte D'Ivoire,Ousmane Diomande,Diomande; Diomande Ousmane,FIFA-SQUAD-PDF,fifa-cote-d-ivoire-ousmane-diomande
Côte D'Ivoire,Parfait Guiagon,Guiagon; Guiagon Parfait,FIFA-SQUAD-PDF,fifa-cote-d-ivoire-parfait-guiagon
Côte D'Ivoire,Seko Fofana,Fofana; Fofana Seko,FIFA-SQUAD-PDF,fifa-cote-d-ivoire-seko-fofana
Côte D'Ivoire,Simon Adingra,Adingra; Adingra Simon,FIFA-SQUAD-PDF,fifa-cote-d-ivoire-simon-adingra
Côte D'Ivoire,Wilfried Singo,Singo; Singo Wilfried,FIFA-SQUAD-PDF,fifa-cote-d-ivoire-wilfried-singo
Côte D'Ivoire,Yahia Fofana,Fofana; Fofana Yahia,FIFA-SQUAD-PDF,fifa-cote-d-ivoire-yahia-fofana
Côte D'Ivoire,Yan Diomande,Diomande; Diomande Yan,FIFA-SQUAD-PDF,fifa-cote-d-ivoire-yan-diomande
Ecuador,Alan Franco,Franco; Franco Alan,FIFA-SQUAD-PDF,fifa-ecuador-alan-franco
Ecuador,Alan Minda,Minda; Minda Alan,FIFA-SQUAD-PDF,fifa-ecuador-alan-minda
Ecuador,Angelo Preciado,Preciado; Preciado Angelo,FIFA-SQUAD-PDF,fifa-ecuador-angelo-preciado
Ecuador,Anthony Valencia,Valencia; Valencia Anthony,FIFA-SQUAD-PDF,fifa-ecuador-anthony-valencia
Ecuador,Denil Castillo,Castillo; Castillo Denil,FIFA-SQUAD-PDF,fifa-ecuador-denil-castillo
Ecuador,Enner Valencia,Valencia; Valencia Enner,FIFA-SQUAD-PDF,fifa-ecuador-enner-valencia
Ecuador,Felix Torres,Torres; Torres Felix,FIFA-SQUAD-PDF,fifa-ecuador-felix-torres
Ecuador,Gonzalo Plata,Plata; Plata Gonzalo,FIFA-SQUAD-PDF,fifa-ecuador-gonzalo-plata
Ecuador,Gonzalo Valle,Valle; Valle Gonzalo,FIFA-SQUAD-PDF,fifa-ecuador-gonzalo-valle
Ecuador,Hernan Galindez,Galindez; Galindez Hernan,FIFA-SQUAD-PDF,fifa-ecuador-hernan-galindez
Ecuador,Jackson Porozo,Porozo; Porozo Jackson,FIFA-SQUAD-PDF,fifa-ecuador-jackson-porozo
Ecuador,Jeremy Arevalo,Arevalo; Arevalo Jeremy,FIFA-SQUAD-PDF,fifa-ecuador-jeremy-arevalo
Ecuador,Joel Ordonez,Ordonez; Ordonez Joel,FIFA-SQUAD-PDF,fifa-ecuador-joel-ordonez
Ecuador,John Yeboah,Yeboah; Yeboah John,FIFA-SQUAD-PDF,fifa-ecuador-john-yeboah
Ecuador,Jordy Alcivar,Alcivar; Alcivar Jordy,FIFA-SQUAD-PDF,fifa-ecuador-jordy-alcivar
Ecuador,Jordy Caicedo,Caicedo; Caicedo Jordy,FIFA-SQUAD-PDF,fifa-ecuador-jordy-caicedo
Ecuador,Kendry Paez,Paez; Paez Kendry,FIFA-SQUAD-PDF,fifa-ecuador-kendry-paez
Ecuador,Kevin Rodriguez,Rodriguez; Rodriguez Kevin,FIFA-SQUAD-PDF,fifa-ecuador-kevin-rodriguez
Ecuador,Moises Caicedo,Caicedo; Caicedo Moises,FIFA-SQUAD-PDF,fifa-ecuador-moises-caicedo
Ecuador,Moises Ramirez,Ramirez; Ramirez Moises,FIFA-SQUAD-PDF,fifa-ecuador-moises-ramirez
Ecuador,Nilson Angulo,Angulo; Angulo Nilson,FIFA-SQUAD-PDF,fifa-ecuador-nilson-angulo
Ecuador,Pedro Vite,Vite; Vite Pedro,FIFA-SQUAD-PDF,fifa-ecuador-pedro-vite
Ecuador,Pervis Estupinan,Estupinan; Estupinan Pervis,FIFA-SQUAD-PDF,fifa-ecuador-pervis-estupinan
Ecuador,Piero Hincapie,Hincapie; Hincapie Piero,FIFA-SQUAD-PDF,fifa-ecuador-piero-hincapie
Ecuador,Willian Pacho,Pacho; Pacho Willian,FIFA-SQUAD-PDF,fifa-ecuador-willian-pacho
Ecuador,Yaimar Medina,Medina; Medina Yaimar,FIFA-SQUAD-PDF,fifa-ecuador-yaimar-medina
Egypt,Ahmed Fatouh,Ahmed Fatouh Ahmed; Fatouh,FIFA-SQUAD-PDF,fifa-egypt-ahmed-fatouh
Egypt,Ahmed Zizo,Zizo; Zizo Ahmed,FIFA-SQUAD-PDF,fifa-egypt-ahmed-zizo
Egypt,Emam Ashour,Emam Ashour Emam; Ashour,FIFA-SQUAD-PDF,fifa-egypt-emam-ashour
Egypt,Haissem Hassan,Haissem Hassan Haissem; Hassan,FIFA-SQUAD-PDF,fifa-egypt-haissem-hassan
Egypt,Hamdy Fathy,Hamdy Fathy Hamdy; Fathy,FIFA-SQUAD-PDF,fifa-egypt-hamdy-fathy
Egypt,Hamza Abdelkarim,Hamza Abdelkarim Hamza; Abdelkarim,FIFA-SQUAD-PDF,fifa-egypt-hamza-abdelkarim
Egypt,Hossam Abdelmaguid,Hossam Abdelmaguid Hossam; Abdelmaguid,FIFA-SQUAD-PDF,fifa-egypt-hossam-abdelmaguid
Egypt,Ibrahim Adel,Ibrahim Adel Ibrahim; Adel,FIFA-SQUAD-PDF,fifa-egypt-ibrahim-adel
Egypt,Karim Hafez,Karim Hafez Karim; Hafez,FIFA-SQUAD-PDF,fifa-egypt-karim-hafez
Egypt,Mahdy Soliman,Mahdy Soliman Mahdy; Soliman,FIFA-SQUAD-PDF,fifa-egypt-mahdy-soliman
Egypt,Mahmoud Saber,Mahmoud Saber Mahmoud; Saber,FIFA-SQUAD-PDF,fifa-egypt-mahmoud-saber
Egypt,Mahmoud Trezeguet,Trezeguet; Trezeguet Mahmoud,FIFA-SQUAD-PDF,fifa-egypt-mahmoud-trezeguet
Egypt,Marawan Attia,Marawan Attia Marawan; Attia,FIFA-SQUAD-PDF,fifa-egypt-marawan-attia
Egypt,Mohamed Abdelmoneim,Mohamed Abdelmoneim Mohamed; Abdelmoneim,FIFA-SQUAD-PDF,fifa-egypt-mohamed-abdelmoneim
Egypt,Mohamed Alaa,Mohamed Alaa Mohamed; Alaa,FIFA-SQUAD-PDF,fifa-egypt-mohamed-alaa
Egypt,Mohamed Elshenawy,Mohamed Elshenawy Mohamed; Elshenawy,FIFA-SQUAD-PDF,fifa-egypt-mohamed-elshenawy
Egypt,Mohamed Hany,Mohamed Hany Mohamed; Hany,FIFA-SQUAD-PDF,fifa-egypt-mohamed-hany
Egypt,Mohamed Salah,Mohamed Salah Mohamed; Salah,FIFA-SQUAD-PDF,fifa-egypt-mohamed-salah
Egypt,Mohanad Lashin,Mohanad Lashin Mohanad; Lashin,FIFA-SQUAD-PDF,fifa-egypt-mohanad-lashin
Egypt,Mostafa Shoubir,Mostafa Shoubir Mostafa; Shoubir,FIFA-SQUAD-PDF,fifa-egypt-mostafa-shoubir
Egypt,Mostafa Zico,Mostafa Zico Mostafa; Zico,FIFA-SQUAD-PDF,fifa-egypt-mostafa-zico
Egypt,Nabil Donga,Nabil Donga Nabil; Donga,FIFA-SQUAD-PDF,fifa-egypt-nabil-donga
Egypt,Omar Marmoush,Omar Marmoush Omar; Marmoush,FIFA-SQUAD-PDF,fifa-egypt-omar-marmoush
Egypt,Ramy Rabia,Ramy Rabia Ramy; Rabia,FIFA-SQUAD-PDF,fifa-egypt-ramy-rabia
Egypt,Tarek Alaa,Tarek Alaa Tarek; Alaa,FIFA-SQUAD-PDF,fifa-egypt-tarek-alaa
Egypt,Yasser Ibrahim,Yasser Ibrahim Yasser; Ibrahim,FIFA-SQUAD-PDF,fifa-egypt-yasser-ibrahim
England,Anthony Gordon,Gordon; Gordon Anthony,FIFA-SQUAD-PDF,fifa-england-anthony-gordon
England,Bukayo Saka,Saka; Saka Bukayo,FIFA-SQUAD-PDF,fifa-england-bukayo-saka
England,Dan Burn,Burn; Burn Dan,FIFA-SQUAD-PDF,fifa-england-dan-burn
England,Dean Henderson,Henderson; Henderson Dean,FIFA-SQUAD-PDF,fifa-england-dean-henderson
England,Declan Rice,Rice; Rice Declan,FIFA-SQUAD-PDF,fifa-england-declan-rice
England,Djed Spence,Spence; Spence Djed,FIFA-SQUAD-PDF,fifa-england-djed-spence
England,Eberechi Eze,Eze; Eze Eberechi,FIFA-SQUAD-PDF,fifa-england-eberechi-eze
England,Elliot Anderson,Anderson; Anderson Elliot,FIFA-SQUAD-PDF,fifa-england-elliot-anderson
England,Ezri Konsa,Konsa; Konsa Ezri,FIFA-SQUAD-PDF,fifa-england-ezri-konsa
England,Harry Kane,Kane; Kane Harry,FIFA-SQUAD-PDF,fifa-england-harry-kane
England,Ivan Toney,Toney; Toney Ivan,FIFA-SQUAD-PDF,fifa-england-ivan-toney
England,James Trafford,Trafford; Trafford James,FIFA-SQUAD-PDF,fifa-england-james-trafford
England,Jarell Quansah,Quansah; Quansah Jarell,FIFA-SQUAD-PDF,fifa-england-jarell-quansah
England,John Stones,Stones; Stones John,FIFA-SQUAD-PDF,fifa-england-john-stones
England,Jordan Henderson,Henderson; Henderson Jordan,FIFA-SQUAD-PDF,fifa-england-jordan-henderson
England,Jordan Pickford,Pickford; Pickford Jordan,FIFA-SQUAD-PDF,fifa-england-jordan-pickford
England,Jude Bellingham,Bellingham; Bellingham Jude,FIFA-SQUAD-PDF,fifa-england-jude-bellingham
England,Kobbie Mainoo,Mainoo; Mainoo Kobbie,FIFA-SQUAD-PDF,fifa-england-kobbie-mainoo
England,Marc Guehi,Guehi; Guehi Marc,FIFA-SQUAD-PDF,fifa-england-marc-guehi
England,Marcus Rashford,Rashford; Rashford Marcus,FIFA-SQUAD-PDF,fifa-england-marcus-rashford
England,Morgan Rogers,Rogers; Rogers Morgan,FIFA-SQUAD-PDF,fifa-england-morgan-rogers
England,Nico Oreilly,Oreilly; Oreilly Nico,FIFA-SQUAD-PDF,fifa-england-nico-oreilly
England,Noni Madueke,Madueke; Madueke Noni,FIFA-SQUAD-PDF,fifa-england-noni-madueke
England,Ollie Watkins,Watkins; Watkins Ollie,FIFA-SQUAD-PDF,fifa-england-ollie-watkins
England,Reece James,James; James Reece,FIFA-SQUAD-PDF,fifa-england-reece-james
England,Tino Livramento,Livramento; Livramento Tino,FIFA-SQUAD-PDF,fifa-england-tino-livramento
France,Adrien Rabiot,Rabiot; Rabiot Adrien,FIFA-SQUAD-PDF,fifa-france-adrien-rabiot
France,Aurelien Tchouameni,Tchouameni; Tchouameni Aurelien,FIFA-SQUAD-PDF,fifa-france-aurelien-tchouameni
France,Bradley Barcola,Barcola; Barcola Bradley,FIFA-SQUAD-PDF,fifa-france-bradley-barcola
France,Brice Samba,Samba; Samba Brice,FIFA-SQUAD-PDF,fifa-france-brice-samba
France,Dayot Upamecano,Upamecano; Upamecano Dayot,FIFA-SQUAD-PDF,fifa-france-dayot-upamecano
France,Desire Doue,Doue; Doue Desire,FIFA-SQUAD-PDF,fifa-france-desire-doue
France,Ibrahima Konate,Konate; Konate Ibrahima,FIFA-SQUAD-PDF,fifa-france-ibrahima-konate
France,Jean Mateta,Mateta; Mateta Jean,FIFA-SQUAD-PDF,fifa-france-jean-mateta
France,Jules Kounde,Kounde; Kounde Jules,FIFA-SQUAD-PDF,fifa-france-jules-kounde
France,Kylian Mbappe,Mbappe; Mbappe Kylian,FIFA-SQUAD-PDF,fifa-france-kylian-mbappe
France,Lucas Digne,Digne; Digne Lucas,FIFA-SQUAD-PDF,fifa-france-lucas-digne
France,Lucas Hernandez,Hernandez; Hernandez Lucas,FIFA-SQUAD-PDF,fifa-france-lucas-hernandez
France,Maghnes Akliouche,Akliouche; Akliouche Maghnes,FIFA-SQUAD-PDF,fifa-france-maghnes-akliouche
France,Malo Gusto,Gusto; Gusto Malo,FIFA-SQUAD-PDF,fifa-france-malo-gusto
France,Manu Kone,Kone; Kone Manu,FIFA-SQUAD-PDF,fifa-france-manu-kone
France,Marcus Thuram,Thuram; Thuram Marcus,FIFA-SQUAD-PDF,fifa-france-marcus-thuram
France,Maxence Lacroix,Lacroix; Lacroix Maxence,FIFA-SQUAD-PDF,fifa-france-maxence-lacroix
France,Michael Olise,Olise; Olise Michael,FIFA-SQUAD-PDF,fifa-france-michael-olise
France,Mike Maignan,Maignan; Maignan Mike,FIFA-SQUAD-PDF,fifa-france-mike-maignan
France,Ngolo Kante,Kante; Kante Ngolo,FIFA-SQUAD-PDF,fifa-france-ngolo-kante
France,Ousmane Dembele,Dembele; Dembele Ousmane,FIFA-SQUAD-PDF,fifa-france-ousmane-dembele
France,Rayan Cherki,Cherki; Cherki Rayan,FIFA-SQUAD-PDF,fifa-france-rayan-cherki
France,Robin Risser,Risser; Risser Robin,FIFA-SQUAD-PDF,fifa-france-robin-risser
France,Theo Hernandez,Hernandez; Hernandez Theo,FIFA-SQUAD-PDF,fifa-france-theo-hernandez
France,Warren Zaire-Emery,Zaire-Emery; Zaire-Emery Warren,FIFA-SQUAD-PDF,fifa-france-warren-zaire-emery
France,William Saliba,Saliba; Saliba William,FIFA-SQUAD-PDF,fifa-france-william-saliba
Germany,Aleksandar Pavlovic,Pavlovic; Pavlovic Aleksandar,FIFA-SQUAD-PDF,fifa-germany-aleksandar-pavlovic
Germany,Alexander Nuebel,Nuebel; Nuebel Alexander,FIFA-SQUAD-PDF,fifa-germany-alexander-nuebel
Germany,Angelo Stiller,Stiller; Stiller Angelo,FIFA-SQUAD-PDF,fifa-germany-angelo-stiller
Germany,Antonio Ruediger,Ruediger; Ruediger Antonio,FIFA-SQUAD-PDF,fifa-germany-antonio-ruediger
Germany,Assan Ouedraogo,Ouedraogo; Ouedraogo Assan,FIFA-SQUAD-PDF,fifa-germany-assan-ouedraogo
Germany,David Raum,Raum; Raum David,FIFA-SQUAD-PDF,fifa-germany-david-raum
Germany,Deniz Undav,Undav; Undav Deniz,FIFA-SQUAD-PDF,fifa-germany-deniz-undav
Germany,Felix Nmecha,Nmecha; Nmecha Felix,FIFA-SQUAD-PDF,fifa-germany-felix-nmecha
Germany,Florian Wirtz,Wirtz; Wirtz Florian,FIFA-SQUAD-PDF,fifa-germany-florian-wirtz
Germany,Jamal Musiala,Musiala; Musiala Jamal,FIFA-SQUAD-PDF,fifa-germany-jamal-musiala
Germany,Jamie Leweling,Leweling; Leweling Jamie,FIFA-SQUAD-PDF,fifa-germany-jamie-leweling
Germany,Jonathan Tah,Tah; Tah Jonathan,FIFA-SQUAD-PDF,fifa-germany-jonathan-tah
Germany,Joshua Kimmich,Kimmich; Kimmich Joshua,FIFA-SQUAD-PDF,fifa-germany-joshua-kimmich
Germany,Kai Havertz,Havertz; Havertz Kai,FIFA-SQUAD-PDF,fifa-germany-kai-havertz
Germany,Leon Goretzka,Goretzka; Goretzka Leon,FIFA-SQUAD-PDF,fifa-germany-leon-goretzka
Germany,Leroy Sane,Sane; Sane Leroy,FIFA-SQUAD-PDF,fifa-germany-leroy-sane
Germany,Malick Thiaw,Thiaw; Thiaw Malick,FIFA-SQUAD-PDF,fifa-germany-malick-thiaw
Germany,Manuel Neuer,Neuer; Neuer Manuel,FIFA-SQUAD-PDF,fifa-germany-manuel-neuer
Germany,Maximilian Beier,Beier; Beier Maximilian,FIFA-SQUAD-PDF,fifa-germany-maximilian-beier
Germany,Nadiem Amiri,Amiri; Amiri Nadiem,FIFA-SQUAD-PDF,fifa-germany-nadiem-amiri
Germany,Nathaniel Brown,Brown; Brown Nathaniel,FIFA-SQUAD-PDF,fifa-germany-nathaniel-brown
Germany,Nick Woltemade,Woltemade; Woltemade Nick,FIFA-SQUAD-PDF,fifa-germany-nick-woltemade
Germany,Nico Schlotterbeck,Schlotterbeck; Schlotterbeck Nico,FIFA-SQUAD-PDF,fifa-germany-nico-schlotterbeck
Germany,Oliver Baumann,Baumann; Baumann Oliver,FIFA-SQUAD-PDF,fifa-germany-oliver-baumann
Germany,Pascal Gross,Gross; Gross Pascal,FIFA-SQUAD-PDF,fifa-germany-pascal-gross
Germany,Waldemar Anton,Anton; Anton Waldemar,FIFA-SQUAD-PDF,fifa-germany-waldemar-anton
Ghana,Abdul Fatawu,Fatawu; Fatawu Abdul,FIFA-SQUAD-PDF,fifa-ghana-abdul-fatawu
Ghana,Abdul Mumin,Mumin; Mumin Abdul,FIFA-SQUAD-PDF,fifa-ghana-abdul-mumin
Ghana,Alidu Seidu,Seidu; Seidu Alidu,FIFA-SQUAD-PDF,fifa-ghana-alidu-seidu
Ghana,Antoine Semenyo,Semenyo; Semenyo Antoine,FIFA-SQUAD-PDF,fifa-ghana-antoine-semenyo
Ghana,Augustine Boakye,Boakye; Boakye Augustine,FIFA-SQUAD-PDF,fifa-ghana-augustine-boakye
Ghana,Baba Rahman,Rahman; Rahman Baba,FIFA-SQUAD-PDF,fifa-ghana-baba-rahman
Ghana,Benjamin Asare,Asare; Asare Benjamin,FIFA-SQUAD-PDF,fifa-ghana-benjamin-asare
Ghana,Brandon Thomas-Asante,Thomas-Asante; Thomas-Asante Brandon,FIFA-SQUAD-PDF,fifa-ghana-brandon-thomas-asante
Ghana,Caleb Yirenkyi,Yirenkyi; Yirenkyi Caleb,FIFA-SQUAD-PDF,fifa-ghana-caleb-yirenkyi
Ghana,Christopher Baah,Baah; Baah Christopher,FIFA-SQUAD-PDF,fifa-ghana-christopher-baah
Ghana,Derrick Luckassen,Luckassen; Luckassen Derrick,FIFA-SQUAD-PDF,fifa-ghana-derrick-luckassen
Ghana,Elisha Owusu,Owusu; Owusu Elisha,FIFA-SQUAD-PDF,fifa-ghana-elisha-owusu
Ghana,Ernest Nuamah,Nuamah; Nuamah Ernest,FIFA-SQUAD-PDF,fifa-ghana-ernest-nuamah
Ghana,Gideon Mensah,Mensah; Mensah Gideon,FIFA-SQUAD-PDF,fifa-ghana-gideon-mensah
Ghana,Inaki Williams,Williams; Williams Inaki,FIFA-SQUAD-PDF,fifa-ghana-inaki-williams
Ghana,Jerome Opoku,Opoku; Opoku Jerome,FIFA-SQUAD-PDF,fifa-ghana-jerome-opoku
Ghana,Jonas Adjetey,Adjetey; Adjetey Jonas,FIFA-SQUAD-PDF,fifa-ghana-jonas-adjetey
Ghana,Jordan Ayew,Ayew; Ayew Jordan,FIFA-SQUAD-PDF,fifa-ghana-jordan-ayew
Ghana,Joseph Anang,Anang; Anang Joseph,FIFA-SQUAD-PDF,fifa-ghana-joseph-anang
Ghana,Kamaldeen Sulemana,Sulemana; Sulemana Kamaldeen,FIFA-SQUAD-PDF,fifa-ghana-kamaldeen-sulemana
Ghana,Kojo Oppong,Oppong; Oppong Kojo,FIFA-SQUAD-PDF,fifa-ghana-kojo-oppong
Ghana,Kwasi Sibo,Sibo; Sibo Kwasi,FIFA-SQUAD-PDF,fifa-ghana-kwasi-sibo
Ghana,Lawrence Zigi,Zigi; Zigi Lawrence,FIFA-SQUAD-PDF,fifa-ghana-lawrence-zigi
Ghana,Marvin Senaya,Senaya; Senaya Marvin,FIFA-SQUAD-PDF,fifa-ghana-marvin-senaya
Ghana,Prince Adu,Adu; Adu Prince,FIFA-SQUAD-PDF,fifa-ghana-prince-adu
Ghana,Thomas Partey,Partey; Partey Thomas,FIFA-SQUAD-PDF,fifa-ghana-thomas-partey
Haiti,Alexandre Pierre,Pierre; Pierre Alexandre,FIFA-SQUAD-PDF,fifa-haiti-alexandre-pierre
Haiti,Carl Sainte,Sainte; Sainte Carl,FIFA-SQUAD-PDF,fifa-haiti-carl-sainte
Haiti,Carlens Arcus,Arcus; Arcus Carlens,FIFA-SQUAD-PDF,fifa-haiti-carlens-arcus
Haiti,Danley Jean Jacques,Jean Jacques; Jean Jacques Danley,FIFA-SQUAD-PDF,fifa-haiti-danley-jean-jacques
Haiti,Derrick Etienne,Etienne; Etienne Derrick,FIFA-SQUAD-PDF,fifa-haiti-derrick-etienne
Haiti,Dominique Simon,Simon; Simon Dominique,FIFA-SQUAD-PDF,fifa-haiti-dominique-simon
Haiti,Duckens Nazon,Nazon; Nazon Duckens,FIFA-SQUAD-PDF,fifa-haiti-duckens-nazon
Haiti,Frantzdy Pierrot,Pierrot; Pierrot Frantzdy,FIFA-SQUAD-PDF,fifa-haiti-frantzdy-pierrot
Haiti,Hannes Delcroix,Delcroix; Delcroix Hannes,FIFA-SQUAD-PDF,fifa-haiti-hannes-delcroix
Haiti,Jean Bellegarde,Bellegarde; Bellegarde Jean,FIFA-SQUAD-PDF,fifa-haiti-jean-bellegarde
Haiti,Jean Duverne,Duverne; Duverne Jean,FIFA-SQUAD-PDF,fifa-haiti-jean-duverne
Haiti,Johny Placide,Placide; Placide Johny,FIFA-SQUAD-PDF,fifa-haiti-johny-placide
Haiti,Josue Casimir,Casimir; Casimir Josue,FIFA-SQUAD-PDF,fifa-haiti-josue-casimir
Haiti,Josue Duverger,Duverger; Duverger Josue,FIFA-SQUAD-PDF,fifa-haiti-josue-duverger
Haiti,Keeto Thermoncy,Thermoncy; Thermoncy Keeto,FIFA-SQUAD-PDF,fifa-haiti-keeto-thermoncy
Haiti,Lenny Joseph,Joseph; Joseph Lenny,FIFA-SQUAD-PDF,fifa-haiti-lenny-joseph
Haiti,Leverton Pierre,Pierre; Pierre Leverton,FIFA-SQUAD-PDF,fifa-haiti-leverton-pierre
Haiti,Louicius Deedson,Deedson; Deedson Louicius,FIFA-SQUAD-PDF,fifa-haiti-louicius-deedson
Haiti,Markhus Lacroix,Lacroix; Lacroix Markhus,FIFA-SQUAD-PDF,fifa-haiti-markhus-lacroix
Haiti,Martin Experience,Experience; Experience Martin,FIFA-SQUAD-PDF,fifa-haiti-martin-experience
Haiti,Ricardo Ade,Ade; Ade Ricardo,FIFA-SQUAD-PDF,fifa-haiti-ricardo-ade
Haiti,Ruben Providence,Providence; Providence Ruben,FIFA-SQUAD-PDF,fifa-haiti-ruben-providence
Haiti,Wilguens Paugain,Paugain; Paugain Wilguens,FIFA-SQUAD-PDF,fifa-haiti-wilguens-paugain
Haiti,Wilson Isidor,Isidor; Isidor Wilson,FIFA-SQUAD-PDF,fifa-haiti-wilson-isidor
Haiti,Woodensky Pierre,Pierre; Pierre Woodensky,FIFA-SQUAD-PDF,fifa-haiti-woodensky-pierre
Haiti,Yassin Fortune,Fortune; Fortune Yassin,FIFA-SQUAD-PDF,fifa-haiti-yassin-fortune
IR Iran,Ali Alipour,Alipour; Alipour Ali,FIFA-SQUAD-PDF,fifa-ir-iran-ali-alipour
IR Iran,Ali Nemati,Nemati; Nemati Ali,FIFA-SQUAD-PDF,fifa-ir-iran-ali-nemati
IR Iran,Alireza Beiranvand,Beiranvand; Beiranvand Alireza,FIFA-SQUAD-PDF,fifa-ir-iran-alireza-beiranvand
IR Iran,Alireza Jahanbakhsh,Jahanbakhsh; Jahanbakhsh Alireza,FIFA-SQUAD-PDF,fifa-ir-iran-alireza-jahanbakhsh
IR Iran,Amirhossein Hosseinzadeh,Hosseinzadeh; Hosseinzadeh Amirhossein,FIFA-SQUAD-PDF,fifa-ir-iran-amirhossein-hosseinzadeh
IR Iran,Amirmohammad Razaghinia,Razaghinia; Razaghinia Amirmohammad,FIFA-SQUAD-PDF,fifa-ir-iran-amirmohammad-razaghinia
IR Iran,Arya Yousefi,Yousefi; Yousefi Arya,FIFA-SQUAD-PDF,fifa-ir-iran-arya-yousefi
IR Iran,Danial Iri,Iri; Iri Danial,FIFA-SQUAD-PDF,fifa-ir-iran-danial-iri
IR Iran,Dennis Dargahi,Dargahi; Dargahi Dennis,FIFA-SQUAD-PDF,fifa-ir-iran-dennis-dargahi
IR Iran,Ehsan Hajisafi,Hajisafi; Hajisafi Ehsan,FIFA-SQUAD-PDF,fifa-ir-iran-ehsan-hajisafi
IR Iran,Hossein Hosseini,Hosseini; Hosseini Hossein,FIFA-SQUAD-PDF,fifa-ir-iran-hossein-hosseini
IR Iran,Hossein Kanani,Kanani; Kanani Hossein,FIFA-SQUAD-PDF,fifa-ir-iran-hossein-kanani
IR Iran,Mehdi Ghayedi,Ghayedi; Ghayedi Mehdi,FIFA-SQUAD-PDF,fifa-ir-iran-mehdi-ghayedi
IR Iran,Mehdi Taremi,Taremi; Taremi Mehdi,FIFA-SQUAD-PDF,fifa-ir-iran-mehdi-taremi
IR Iran,Mehdi Torabi,Torabi; Torabi Mehdi,FIFA-SQUAD-PDF,fifa-ir-iran-mehdi-torabi
IR Iran,Milad Mohammadi,Mohammadi; Mohammadi Milad,FIFA-SQUAD-PDF,fifa-ir-iran-milad-mohammadi
IR Iran,Mohammad Ghorbani,Ghorbani; Ghorbani Mohammad,FIFA-SQUAD-PDF,fifa-ir-iran-mohammad-ghorbani
IR Iran,Mohammad Mohebbi,Mohebbi; Mohebbi Mohammad,FIFA-SQUAD-PDF,fifa-ir-iran-mohammad-mohebbi
IR Iran,Payam Niazmand,Niazmand; Niazmand Payam,FIFA-SQUAD-PDF,fifa-ir-iran-payam-niazmand
IR Iran,Ramin Rezaeian,Rezaeian; Rezaeian Ramin,FIFA-SQUAD-PDF,fifa-ir-iran-ramin-rezaeian
IR Iran,Roozbeh Cheshmi,Cheshmi; Cheshmi Roozbeh,FIFA-SQUAD-PDF,fifa-ir-iran-roozbeh-cheshmi
IR Iran,Saeid Ezatolahi,Ezatolahi; Ezatolahi Saeid,FIFA-SQUAD-PDF,fifa-ir-iran-saeid-ezatolahi
IR Iran,Saleh Hardani,Hardani; Hardani Saleh,FIFA-SQUAD-PDF,fifa-ir-iran-saleh-hardani
IR Iran,Saman Ghoddos,Ghoddos; Ghoddos Saman,FIFA-SQUAD-PDF,fifa-ir-iran-saman-ghoddos
IR Iran,Shahriyar Moghanloo,Moghanloo; Moghanloo Shahriyar,FIFA-SQUAD-PDF,fifa-ir-iran-shahriyar-moghanloo
IR Iran,Shoja Khalilzadeh,Khalilzadeh; Khalilzadeh Shoja,FIFA-SQUAD-PDF,fifa-ir-iran-shoja-khalilzadeh
Iraq,Ahmed Basil,Ahmed Basil Ahmed; Basil,FIFA-SQUAD-PDF,fifa-iraq-ahmed-basil
Iraq,Ahmed Maknazi,Ahmed Maknazi Ahmed; Maknazi,FIFA-SQUAD-PDF,fifa-iraq-ahmed-maknazi
Iraq,Ahmed Qasim,Ahmed Qasim Ahmed; Qasim,FIFA-SQUAD-PDF,fifa-iraq-ahmed-qasim
Iraq,Aimar Sher,Aimar Sher Aimar; Sher,FIFA-SQUAD-PDF,fifa-iraq-aimar-sher
Iraq,Akam Hashim,Akam Hashim Akam; Hashim,FIFA-SQUAD-PDF,fifa-iraq-akam-hashim
Iraq,Ali Alhamadi,Ali Alhamadi Ali; Alhamadi,FIFA-SQUAD-PDF,fifa-iraq-ali-alhamadi
Iraq,Ali Jasim,Ali Jasim Ali; Jasim,FIFA-SQUAD-PDF,fifa-iraq-ali-jasim
Iraq,Ali Yousif,Ali Yousif Ali; Yousif,FIFA-SQUAD-PDF,fifa-iraq-ali-yousif
Iraq,Amir Alammari,Amir Alammari Amir; Alammari,FIFA-SQUAD-PDF,fifa-iraq-amir-alammari
Iraq,Aymen Hussein,Aymen Hussein Aymen; Hussein,FIFA-SQUAD-PDF,fifa-iraq-aymen-hussein
Iraq,Fahad Talib,Fahad Talib Fahad; Talib,FIFA-SQUAD-PDF,fifa-iraq-fahad-talib
Iraq,Frans Putros,Frans Putros Frans; Putros,FIFA-SQUAD-PDF,fifa-iraq-frans-putros
Iraq,Hussein Ali,Hussein Ali Hussein; Ali,FIFA-SQUAD-PDF,fifa-iraq-hussein-ali
Iraq,Ibrahim Bayesh,Ibrahim Bayesh Ibrahim; Bayesh,FIFA-SQUAD-PDF,fifa-iraq-ibrahim-bayesh
Iraq,Jalal Hassan,Jalal Hassan Jalal; Hassan,FIFA-SQUAD-PDF,fifa-iraq-jalal-hassan
Iraq,Kevin Yakob,Kevin Yakob Kevin; Yakob,FIFA-SQUAD-PDF,fifa-iraq-kevin-yakob
Iraq,Marko Farji,Marko Farji Marko; Farji,FIFA-SQUAD-PDF,fifa-iraq-marko-farji
Iraq,Merchas Doski,Merchas Doski Merchas; Doski,FIFA-SQUAD-PDF,fifa-iraq-merchas-doski
Iraq,Mohanad Ali,Mohanad Ali Mohanad; Ali,FIFA-SQUAD-PDF,fifa-iraq-mohanad-ali
Iraq,Munaf Younus,Munaf Younus Munaf; Younus,FIFA-SQUAD-PDF,fifa-iraq-munaf-younus
Iraq,Mustafa Saadoon,Mustafa Saadoon Mustafa; Saadoon,FIFA-SQUAD-PDF,fifa-iraq-mustafa-saadoon
Iraq,Rebin Sulaka,Rebin Sulaka Rebin; Sulaka,FIFA-SQUAD-PDF,fifa-iraq-rebin-sulaka
Iraq,Youssef Amyn,Youssef Amyn Youssef; Amyn,FIFA-SQUAD-PDF,fifa-iraq-youssef-amyn
Iraq,Zaid Ismael,Zaid Ismael Zaid; Ismael,FIFA-SQUAD-PDF,fifa-iraq-zaid-ismael
Iraq,Zaid Tahseen,Zaid Tahseen Zaid; Tahseen,FIFA-SQUAD-PDF,fifa-iraq-zaid-tahseen
Iraq,Zidane Iqbal,Zidane Iqbal Zidane; Iqbal,FIFA-SQUAD-PDF,fifa-iraq-zidane-iqbal
Japan,Ao Tanaka,Tanaka; Tanaka Ao,FIFA-SQUAD-PDF,fifa-japan-ao-tanaka
Japan,Ayase Ueda,Ueda; Ueda Ayase,FIFA-SQUAD-PDF,fifa-japan-ayase-ueda
Japan,Ayumu Seko,Seko; Seko Ayumu,FIFA-SQUAD-PDF,fifa-japan-ayumu-seko
Japan,Daichi Kamada,Kamada; Kamada Daichi,FIFA-SQUAD-PDF,fifa-japan-daichi-kamada
Japan,Daizen Maeda,Maeda; Maeda Daizen,FIFA-SQUAD-PDF,fifa-japan-daizen-maeda
Japan,Hiroki Ito,Ito; Ito Hiroki,FIFA-SQUAD-PDF,fifa-japan-hiroki-ito
Japan,Junnosuke Suzuki,Suzuki; Suzuki Junnosuke,FIFA-SQUAD-PDF,fifa-japan-junnosuke-suzuki
Japan,Junya Ito,Ito; Ito Junya,FIFA-SQUAD-PDF,fifa-japan-junya-ito
Japan,Kaishu Sano,Sano; Sano Kaishu,FIFA-SQUAD-PDF,fifa-japan-kaishu-sano
Japan,Keisuke Goto,Goto; Goto Keisuke,FIFA-SQUAD-PDF,fifa-japan-keisuke-goto
Japan,Keisuke Osako,Osako; Osako Keisuke,FIFA-SQUAD-PDF,fifa-japan-keisuke-osako
Japan,Keito Nakamura,Nakamura; Nakamura Keito,FIFA-SQUAD-PDF,fifa-japan-keito-nakamura
Japan,Kento Shiogai,Shiogai; Shiogai Kento,FIFA-SQUAD-PDF,fifa-japan-kento-shiogai
Japan,Koki Ogawa,Ogawa; Ogawa Koki,FIFA-SQUAD-PDF,fifa-japan-koki-ogawa
Japan,Kou Itakura,Itakura; Itakura Kou,FIFA-SQUAD-PDF,fifa-japan-kou-itakura
Japan,Ritsu Doan,Doan; Doan Ritsu,FIFA-SQUAD-PDF,fifa-japan-ritsu-doan
Japan,Shogo Taniguchi,Taniguchi; Taniguchi Shogo,FIFA-SQUAD-PDF,fifa-japan-shogo-taniguchi
Japan,Takefusa Kubo,Kubo; Kubo Takefusa,FIFA-SQUAD-PDF,fifa-japan-takefusa-kubo
Japan,Takehiro Tomiyasu,Tomiyasu; Tomiyasu Takehiro,FIFA-SQUAD-PDF,fifa-japan-takehiro-tomiyasu
Japan,Tomoki Hayakawa,Hayakawa; Hayakawa Tomoki,FIFA-SQUAD-PDF,fifa-japan-tomoki-hayakawa
Japan,Tsuyoshi Watanabe,Watanabe; Watanabe Tsuyoshi,FIFA-SQUAD-PDF,fifa-japan-tsuyoshi-watanabe
Japan,Wataru Endo,Endo; Endo Wataru,FIFA-SQUAD-PDF,fifa-japan-wataru-endo
Japan,Yuito Suzuki,Suzuki; Suzuki Yuito,FIFA-SQUAD-PDF,fifa-japan-yuito-suzuki
Japan,Yukinari Sugawara,Sugawara; Sugawara Yukinari,FIFA-SQUAD-PDF,fifa-japan-yukinari-sugawara
Japan,Yuto Nagatomo,Nagatomo; Nagatomo Yuto,FIFA-SQUAD-PDF,fifa-japan-yuto-nagatomo
Japan,Zion Suzuki,Suzuki; Suzuki Zion,FIFA-SQUAD-PDF,fifa-japan-zion-suzuki
Jordan,Abdallah Alfakhori,Abdallah Alfakhori Abdallah; Alfakhori,FIFA-SQUAD-PDF,fifa-jordan-abdallah-alfakhori
Jordan,Abdallah Nasib,Abdallah Nasib Abdallah; Nasib,FIFA-SQUAD-PDF,fifa-jordan-abdallah-nasib
Jordan,Ali Azaizeh,Ali Azaizeh Ali; Azaizeh,FIFA-SQUAD-PDF,fifa-jordan-ali-azaizeh
Jordan,Ali Olwan,Ali Olwan Ali; Olwan,FIFA-SQUAD-PDF,fifa-jordan-ali-olwan
Jordan,Amer Jamous,Amer Jamous Amer; Jamous,FIFA-SQUAD-PDF,fifa-jordan-amer-jamous
Jordan,Anas Badawi,Anas Badawi Anas; Badawi,FIFA-SQUAD-PDF,fifa-jordan-anas-badawi
Jordan,Ehsan Haddad,Ehsan Haddad Ehsan; Haddad,FIFA-SQUAD-PDF,fifa-jordan-ehsan-haddad
Jordan,Husam Abudahab,Husam Abudahab Husam; Abudahab,FIFA-SQUAD-PDF,fifa-jordan-husam-abudahab
Jordan,Ibrahim Sadeh,Ibrahim Sadeh Ibrahim; Sadeh,FIFA-SQUAD-PDF,fifa-jordan-ibrahim-sadeh
Jordan,Mahmoud Almardi,Mahmoud Almardi Mahmoud; Almardi,FIFA-SQUAD-PDF,fifa-jordan-mahmoud-almardi
Jordan,Mohammad Abualnadi,Mohammad Abualnadi Mohammad; Abualnadi,FIFA-SQUAD-PDF,fifa-jordan-mohammad-abualnadi
Jordan,Mohammad Abughoush,Mohammad Abughoush Mohammad; Abughoush,FIFA-SQUAD-PDF,fifa-jordan-mohammad-abughoush
Jordan,Mohammad Abuhasheesh,Mohammad Abuhasheesh Mohammad; Abuhasheesh,FIFA-SQUAD-PDF,fifa-jordan-mohammad-abuhasheesh
Jordan,Mohammad Abuzraiq,Mohammad Abuzraiq Mohammad; Abuzraiq,FIFA-SQUAD-PDF,fifa-jordan-mohammad-abuzraiq
Jordan,Mohammad Aldaoud,Mohammad Aldaoud Mohammad; Aldaoud,FIFA-SQUAD-PDF,fifa-jordan-mohammad-aldaoud
Jordan,Mohannad Abutaha,Mohannad Abutaha Mohannad; Abutaha,FIFA-SQUAD-PDF,fifa-jordan-mohannad-abutaha
Jordan,Mousa Altamari,Mousa Altamari Mousa; Altamari,FIFA-SQUAD-PDF,fifa-jordan-mousa-altamari
Jordan,Nizar Alrashdan,Nizar Alrashdan Nizar; Alrashdan,FIFA-SQUAD-PDF,fifa-jordan-nizar-alrashdan
Jordan,Noor Alrawabdeh,Noor Alrawabdeh Noor; Alrawabdeh,FIFA-SQUAD-PDF,fifa-jordan-noor-alrawabdeh
Jordan,Noureddin Nour Baniateyah,Nour Baniateyah; Nour Baniateyah Noureddin,FIFA-SQUAD-PDF,fifa-jordan-noureddin-nour-baniateyah
Jordan,Odeh Fakhoury,Odeh Fakhoury Odeh; Fakhoury,FIFA-SQUAD-PDF,fifa-jordan-odeh-fakhoury
Jordan,Raja Rajaei Ayed,Rajaei Ayed; Rajaei Ayed Raja,FIFA-SQUAD-PDF,fifa-jordan-raja-rajaei-ayed
Jordan,Sa Saed Alrosan,Saed Alrosan; Saed Alrosan Sa,FIFA-SQUAD-PDF,fifa-jordan-sa-saed-alrosan
Jordan,Saleem Obaid,Saleem Obaid Saleem; Obaid,FIFA-SQUAD-PDF,fifa-jordan-saleem-obaid
Jordan,Yazan Alarab,Yazan Alarab Yazan; Alarab,FIFA-SQUAD-PDF,fifa-jordan-yazan-alarab
Jordan,Yazeed Abulaila,Yazeed Abulaila Yazeed; Abulaila,FIFA-SQUAD-PDF,fifa-jordan-yazeed-abulaila
Korea Republic,Bae Junho,Bae; Junho,FIFA-SQUAD-PDF,fifa-korea-republic-bae-junho
Korea Republic,Cho Guesung,Cho; Guesung,FIFA-SQUAD-PDF,fifa-korea-republic-cho-guesung
Korea Republic,Cho Wije,Cho; Wije,FIFA-SQUAD-PDF,fifa-korea-republic-cho-wije
Korea Republic,Eom Jisung,Eom; Jisung,FIFA-SQUAD-PDF,fifa-korea-republic-eom-jisung
Korea Republic,Hwang Heechan,Hwang; Heechan,FIFA-SQUAD-PDF,fifa-korea-republic-hwang-heechan
Korea Republic,Hwang Inbeom,Hwang; Inbeom,FIFA-SQUAD-PDF,fifa-korea-republic-hwang-inbeom
Korea Republic,Jens Castrop,Castrop; Castrop Jens,FIFA-SQUAD-PDF,fifa-korea-republic-jens-castrop
Korea Republic,Jo Hyeonwoo,Jo; Hyeonwoo,FIFA-SQUAD-PDF,fifa-korea-republic-jo-hyeonwoo
Korea Republic,Kim Jingyu,Kim; Jingyu,FIFA-SQUAD-PDF,fifa-korea-republic-kim-jingyu
Korea Republic,Kim Minjae,Kim; Minjae,FIFA-SQUAD-PDF,fifa-korea-republic-kim-minjae
Korea Republic,Kim Moonhwan,Kim; Moonhwan,FIFA-SQUAD-PDF,fifa-korea-republic-kim-moonhwan
Korea Republic,Kim Seunggyu,Kim; Seunggyu,FIFA-SQUAD-PDF,fifa-korea-republic-kim-seunggyu
Korea Republic,Kim Taehyeon,Kim; Taehyeon,FIFA-SQUAD-PDF,fifa-korea-republic-kim-taehyeon
Korea Republic,Lee Donggyeong,Lee; Donggyeong,FIFA-SQUAD-PDF,fifa-korea-republic-lee-donggyeong
Korea Republic,Lee Gihyuk,Lee; Gihyuk,FIFA-SQUAD-PDF,fifa-korea-republic-lee-gihyuk
Korea Republic,Lee Hanbeom,Lee; Hanbeom,FIFA-SQUAD-PDF,fifa-korea-republic-lee-hanbeom
Korea Republic,Lee Jaesung,Lee; Jaesung,FIFA-SQUAD-PDF,fifa-korea-republic-lee-jaesung
Korea Republic,Lee Kangin,Lee; Kangin,FIFA-SQUAD-PDF,fifa-korea-republic-lee-kangin
Korea Republic,Lee Taeseok,Lee; Taeseok,FIFA-SQUAD-PDF,fifa-korea-republic-lee-taeseok
Korea Republic,Oh Hyeongyu,Oh; Hyeongyu,FIFA-SQUAD-PDF,fifa-korea-republic-oh-hyeongyu
Korea Republic,Paik Seungho,Paik; Seungho,FIFA-SQUAD-PDF,fifa-korea-republic-paik-seungho
Korea Republic,Park Jinseob,Park; Jinseob,FIFA-SQUAD-PDF,fifa-korea-republic-park-jinseob
Korea Republic,Seol Youngwoo,Seol; Youngwoo,FIFA-SQUAD-PDF,fifa-korea-republic-seol-youngwoo
Korea Republic,Son Heungmin,Son; Heungmin,FIFA-SQUAD-PDF,fifa-korea-republic-son-heungmin
Korea Republic,Song Bumkeun,Song; Bumkeun,FIFA-SQUAD-PDF,fifa-korea-republic-song-bumkeun
Korea Republic,Yang Hyunjun,Yang; Hyunjun,FIFA-SQUAD-PDF,fifa-korea-republic-yang-hyunjun
Mexico,Alexis Vega,Vega; Vega Alexis,FIFA-SQUAD-PDF,fifa-mexico-alexis-vega
Mexico,Alvaro Fidalgo,Fidalgo; Fidalgo Alvaro,FIFA-SQUAD-PDF,fifa-mexico-alvaro-fidalgo
Mexico,Armando Gonzalez,Gonzalez; Gonzalez Armando,FIFA-SQUAD-PDF,fifa-mexico-armando-gonzalez
Mexico,Brian Gutierrez,Gutierrez; Gutierrez Brian,FIFA-SQUAD-PDF,fifa-mexico-brian-gutierrez
Mexico,Carlos Acevedo,Acevedo; Acevedo Carlos,FIFA-SQUAD-PDF,fifa-mexico-carlos-acevedo
Mexico,Cesar Huerta,Huerta; Huerta Cesar,FIFA-SQUAD-PDF,fifa-mexico-cesar-huerta
Mexico,Cesar Montes,Montes; Montes Cesar,FIFA-SQUAD-PDF,fifa-mexico-cesar-montes
Mexico,Edson Alvarez,Alvarez; Alvarez Edson,FIFA-SQUAD-PDF,fifa-mexico-edson-alvarez
Mexico,Erik Lira,Lira; Lira Erik,FIFA-SQUAD-PDF,fifa-mexico-erik-lira
Mexico,Gilberto Mora,Mora; Mora Gilberto,FIFA-SQUAD-PDF,fifa-mexico-gilberto-mora
Mexico,Guillermo Martinez,Martinez; Martinez Guillermo,FIFA-SQUAD-PDF,fifa-mexico-guillermo-martinez
Mexico,Guillermo Ochoa,Ochoa; Ochoa Guillermo,FIFA-SQUAD-PDF,fifa-mexico-guillermo-ochoa
Mexico,Israel Reyes,Reyes; Reyes Israel,FIFA-SQUAD-PDF,fifa-mexico-israel-reyes
Mexico,Jesus Gallardo,Gallardo; Gallardo Jesus,FIFA-SQUAD-PDF,fifa-mexico-jesus-gallardo
Mexico,Johan Vasquez,Vasquez; Vasquez Johan,FIFA-SQUAD-PDF,fifa-mexico-johan-vasquez
Mexico,Jorge Sanchez,Sanchez; Sanchez Jorge,FIFA-SQUAD-PDF,fifa-mexico-jorge-sanchez
Mexico,Julian Quinones,Quinones; Quinones Julian,FIFA-SQUAD-PDF,fifa-mexico-julian-quinones
Mexico,Luis Chavez,Chavez; Chavez Luis,FIFA-SQUAD-PDF,fifa-mexico-luis-chavez
Mexico,Luis Romo,Romo; Romo Luis,FIFA-SQUAD-PDF,fifa-mexico-luis-romo
Mexico,Mateo Chavez,Chavez; Chavez Mateo,FIFA-SQUAD-PDF,fifa-mexico-mateo-chavez
Mexico,Obed Vargas,Vargas; Vargas Obed,FIFA-SQUAD-PDF,fifa-mexico-obed-vargas
Mexico,Orbelin Pineda,Pineda; Pineda Orbelin,FIFA-SQUAD-PDF,fifa-mexico-orbelin-pineda
Mexico,Raul Jimenez,Jimenez; Jimenez Raul,FIFA-SQUAD-PDF,fifa-mexico-raul-jimenez
Mexico,Raul Rangel,Rangel; Rangel Raul,FIFA-SQUAD-PDF,fifa-mexico-raul-rangel
Mexico,Roberto Alvarado,Alvarado; Alvarado Roberto,FIFA-SQUAD-PDF,fifa-mexico-roberto-alvarado
Mexico,Santiago Gimenez,Gimenez; Gimenez Santiago,FIFA-SQUAD-PDF,fifa-mexico-santiago-gimenez
Morocco,Abde Ezzalzouli,Ezzalzouli; Ezzalzouli Abde,FIFA-SQUAD-PDF,fifa-morocco-abde-ezzalzouli
Morocco,Achraf Hakimi,Hakimi; Hakimi Achraf,FIFA-SQUAD-PDF,fifa-morocco-achraf-hakimi
Morocco,Ahmed Tagnaouti,Tagnaouti; Tagnaouti Ahmed,FIFA-SQUAD-PDF,fifa-morocco-ahmed-tagnaouti
Morocco,Anass Salah Eddine,Salah Eddine; Salah Eddine Anass,FIFA-SQUAD-PDF,fifa-morocco-anass-salah-eddine
Morocco,Ayoub El Kaabi,El Kaabi; El Kaabi Ayoub,FIFA-SQUAD-PDF,fifa-morocco-ayoub-el-kaabi
Morocco,Ayoube Amaimouni,Amaimouni; Amaimouni Ayoube,FIFA-SQUAD-PDF,fifa-morocco-ayoube-amaimouni
Morocco,Ayyoub Bouaddi,Bouaddi; Bouaddi Ayyoub,FIFA-SQUAD-PDF,fifa-morocco-ayyoub-bouaddi
Morocco,Azzedine Ounahi,Ounahi; Ounahi Azzedine,FIFA-SQUAD-PDF,fifa-morocco-azzedine-ounahi
Morocco,Bilal El Khannouss,El Khannouss; El Khannouss Bilal,FIFA-SQUAD-PDF,fifa-morocco-bilal-el-khannouss
Morocco,Brahim Diaz,Diaz; Diaz Brahim,FIFA-SQUAD-PDF,fifa-morocco-brahim-diaz
Morocco,Chadi Riad,Riad; Riad Chadi,FIFA-SQUAD-PDF,fifa-morocco-chadi-riad
Morocco,Chemsdine Talbi,Talbi; Talbi Chemsdine,FIFA-SQUAD-PDF,fifa-morocco-chemsdine-talbi
Morocco,Gessime Yassine,Yassine; Yassine Gessime,FIFA-SQUAD-PDF,fifa-morocco-gessime-yassine
Morocco,Ismael Saibari,Saibari; Saibari Ismael,FIFA-SQUAD-PDF,fifa-morocco-ismael-saibari
Morocco,Issa Diop,Diop; Diop Issa,FIFA-SQUAD-PDF,fifa-morocco-issa-diop
Morocco,Munir El Kajoui,El Kajoui; El Kajoui Munir,FIFA-SQUAD-PDF,fifa-morocco-munir-el-kajoui
Morocco,Nayef Aguerd,Aguerd; Aguerd Nayef,FIFA-SQUAD-PDF,fifa-morocco-nayef-aguerd
Morocco,Neil El Aynaoui,El Aynaoui; El Aynaoui Neil,FIFA-SQUAD-PDF,fifa-morocco-neil-el-aynaoui
Morocco,Noussair Mazraoui,Mazraoui; Mazraoui Noussair,FIFA-SQUAD-PDF,fifa-morocco-noussair-mazraoui
Morocco,Redouane Halhal,Halhal; Halhal Redouane,FIFA-SQUAD-PDF,fifa-morocco-redouane-halhal
Morocco,Samir El Mourabet,El Mourabet; El Mourabet Samir,FIFA-SQUAD-PDF,fifa-morocco-samir-el-mourabet
Morocco,Sofyan Amrabat,Amrabat; Amrabat Sofyan,FIFA-SQUAD-PDF,fifa-morocco-sofyan-amrabat
Morocco,Souane Rahimi,Rahimi; Rahimi Souane,FIFA-SQUAD-PDF,fifa-morocco-souane-rahimi
Morocco,Yassine Bounou,Bounou; Bounou Yassine,FIFA-SQUAD-PDF,fifa-morocco-yassine-bounou
Morocco,Youssef Belammari,Belammari; Belammari Youssef,FIFA-SQUAD-PDF,fifa-morocco-youssef-belammari
Morocco,Zakaria El Ouahdi,El Ouahdi; El Ouahdi Zakaria,FIFA-SQUAD-PDF,fifa-morocco-zakaria-el-ouahdi
Netherlands,Bart Verbruggen,Verbruggen; Verbruggen Bart,FIFA-SQUAD-PDF,fifa-netherlands-bart-verbruggen
Netherlands,Brian Brobbey,Brobbey; Brobbey Brian,FIFA-SQUAD-PDF,fifa-netherlands-brian-brobbey
Netherlands,Cody Gakpo,Gakpo; Gakpo Cody,FIFA-SQUAD-PDF,fifa-netherlands-cody-gakpo
Netherlands,Crysencio Summerville,Summerville; Summerville Crysencio,FIFA-SQUAD-PDF,fifa-netherlands-crysencio-summerville
Netherlands,Denzel Dumfries,Dumfries; Dumfries Denzel,FIFA-SQUAD-PDF,fifa-netherlands-denzel-dumfries
Netherlands,Donyell Malen,Malen; Malen Donyell,FIFA-SQUAD-PDF,fifa-netherlands-donyell-malen
Netherlands,Frenkie De Jong,De Jong; De Jong Frenkie,FIFA-SQUAD-PDF,fifa-netherlands-frenkie-de-jong
Netherlands,Guus Til,Til; Til Guus,FIFA-SQUAD-PDF,fifa-netherlands-guus-til
Netherlands,Jan Van Hecke,Van Hecke; Van Hecke Jan,FIFA-SQUAD-PDF,fifa-netherlands-jan-van-hecke
Netherlands,Jorrel Hato,Hato; Hato Jorrel,FIFA-SQUAD-PDF,fifa-netherlands-jorrel-hato
Netherlands,Justin Kluivert,Kluivert; Kluivert Justin,FIFA-SQUAD-PDF,fifa-netherlands-justin-kluivert
Netherlands,Lutsharel Geertruida,Geertruida; Geertruida Lutsharel,FIFA-SQUAD-PDF,fifa-netherlands-lutsharel-geertruida
Netherlands,Mark Flekken,Flekken; Flekken Mark,FIFA-SQUAD-PDF,fifa-netherlands-mark-flekken
Netherlands,Marten De Roon,De Roon; De Roon Marten,FIFA-SQUAD-PDF,fifa-netherlands-marten-de-roon
Netherlands,Mats Wieffer,Wieffer; Wieffer Mats,FIFA-SQUAD-PDF,fifa-netherlands-mats-wieffer
Netherlands,Memphis Depay,Depay; Depay Memphis,FIFA-SQUAD-PDF,fifa-netherlands-memphis-depay
Netherlands,Micky Van De Ven,Van De Ven; Van De Ven Micky,FIFA-SQUAD-PDF,fifa-netherlands-micky-van-de-ven
Netherlands,Nathan Ake,Ake; Ake Nathan,FIFA-SQUAD-PDF,fifa-netherlands-nathan-ake
Netherlands,Noa Lang,Lang; Lang Noa,FIFA-SQUAD-PDF,fifa-netherlands-noa-lang
Netherlands,Quinten Timber,Timber; Timber Quinten,FIFA-SQUAD-PDF,fifa-netherlands-quinten-timber
Netherlands,Robin Roefs,Roefs; Roefs Robin,FIFA-SQUAD-PDF,fifa-netherlands-robin-roefs
Netherlands,Ryan Gravenberch,Gravenberch; Gravenberch Ryan,FIFA-SQUAD-PDF,fifa-netherlands-ryan-gravenberch
Netherlands,Teun Koopmeiners,Koopmeiners; Koopmeiners Teun,FIFA-SQUAD-PDF,fifa-netherlands-teun-koopmeiners
Netherlands,Tijjani Reijnders,Reijnders; Reijnders Tijjani,FIFA-SQUAD-PDF,fifa-netherlands-tijjani-reijnders
Netherlands,Virgil Van Dijk,Van Dijk; Van Dijk Virgil,FIFA-SQUAD-PDF,fifa-netherlands-virgil-van-dijk
Netherlands,Wout Weghorst,Weghorst; Weghorst Wout,FIFA-SQUAD-PDF,fifa-netherlands-wout-weghorst
New Zealand,Alex Paulsen,Paulsen; Paulsen Alex,FIFA-SQUAD-PDF,fifa-new-zealand-alex-paulsen
New Zealand,Alex Rufer,Rufer; Rufer Alex,FIFA-SQUAD-PDF,fifa-new-zealand-alex-rufer
New Zealand,Ben Old,Old; Old Ben,FIFA-SQUAD-PDF,fifa-new-zealand-ben-old
New Zealand,Ben Waine,Waine; Waine Ben,FIFA-SQUAD-PDF,fifa-new-zealand-ben-waine
New Zealand,Callan Elliot,Elliot; Elliot Callan,FIFA-SQUAD-PDF,fifa-new-zealand-callan-elliot
New Zealand,Callum McCowatt,McCowatt; McCowatt Callum,FIFA-SQUAD-PDF,fifa-new-zealand-callum-mccowatt
New Zealand,Chris Wood,Wood; Wood Chris,FIFA-SQUAD-PDF,fifa-new-zealand-chris-wood
New Zealand,Elijah Just,Just; Just Elijah,FIFA-SQUAD-PDF,fifa-new-zealand-elijah-just
New Zealand,Finn Surman,Surman; Surman Finn,FIFA-SQUAD-PDF,fifa-new-zealand-finn-surman
New Zealand,Francis De Vries,De Vries; De Vries Francis,FIFA-SQUAD-PDF,fifa-new-zealand-francis-de-vries
New Zealand,Jesse Randall,Randall; Randall Jesse,FIFA-SQUAD-PDF,fifa-new-zealand-jesse-randall
New Zealand,Joe Bell,Bell; Bell Joe,FIFA-SQUAD-PDF,fifa-new-zealand-joe-bell
New Zealand,Kosta Barbarouses,Barbarouses; Barbarouses Kosta,FIFA-SQUAD-PDF,fifa-new-zealand-kosta-barbarouses
New Zealand,Lachlan Bayliss,Bayliss; Bayliss Lachlan,FIFA-SQUAD-PDF,fifa-new-zealand-lachlan-bayliss
New Zealand,Liberato Cacace,Cacace; Cacace Liberato,FIFA-SQUAD-PDF,fifa-new-zealand-liberato-cacace
New Zealand,Marko Stamenic,Stamenic; Stamenic Marko,FIFA-SQUAD-PDF,fifa-new-zealand-marko-stamenic
New Zealand,Matthew Garbett,Garbett; Garbett Matthew,FIFA-SQUAD-PDF,fifa-new-zealand-matthew-garbett
New Zealand,Max Crocombe,Crocombe; Crocombe Max,FIFA-SQUAD-PDF,fifa-new-zealand-max-crocombe
New Zealand,Michael Boxall,Boxall; Boxall Michael,FIFA-SQUAD-PDF,fifa-new-zealand-michael-boxall
New Zealand,Michael Woud,Woud; Woud Michael,FIFA-SQUAD-PDF,fifa-new-zealand-michael-woud
New Zealand,Nando Pijnaker,Pijnaker; Pijnaker Nando,FIFA-SQUAD-PDF,fifa-new-zealand-nando-pijnaker
New Zealand,Ryan Thomas,Thomas; Thomas Ryan,FIFA-SQUAD-PDF,fifa-new-zealand-ryan-thomas
New Zealand,Sarpreet Singh,Singh; Singh Sarpreet,FIFA-SQUAD-PDF,fifa-new-zealand-sarpreet-singh
New Zealand,Tim Payne,Payne; Payne Tim,FIFA-SQUAD-PDF,fifa-new-zealand-tim-payne
New Zealand,Tommy Smith,Smith; Smith Tommy,FIFA-SQUAD-PDF,fifa-new-zealand-tommy-smith
New Zealand,Tyler Bindon,Bindon; Bindon Tyler,FIFA-SQUAD-PDF,fifa-new-zealand-tyler-bindon
Norway,Alexander Sorloth,Sorloth; Sorloth Alexander,FIFA-SQUAD-PDF,fifa-norway-alexander-sorloth
Norway,Andreas Schjelderup,Schjelderup; Schjelderup Andreas,FIFA-SQUAD-PDF,fifa-norway-andreas-schjelderup
Norway,Antonio Nusa,Nusa; Nusa Antonio,FIFA-SQUAD-PDF,fifa-norway-antonio-nusa
Norway,David Moller Wolfe,Moller Wolfe; Moller Wolfe David,FIFA-SQUAD-PDF,fifa-norway-david-moller-wolfe
Norway,Egil Selvik,Selvik; Selvik Egil,FIFA-SQUAD-PDF,fifa-norway-egil-selvik
Norway,Erling Haaland,Haaland; Haaland Erling,FIFA-SQUAD-PDF,fifa-norway-erling-haaland
Norway,Fredrik Aursnes,Aursnes; Aursnes Fredrik,FIFA-SQUAD-PDF,fifa-norway-fredrik-aursnes
Norway,Fredrik Bjorkan,Bjorkan; Bjorkan Fredrik,FIFA-SQUAD-PDF,fifa-norway-fredrik-bjorkan
Norway,Henrik Falchener,Falchener; Falchener Henrik,FIFA-SQUAD-PDF,fifa-norway-henrik-falchener
Norway,Jens Hauge,Hauge; Hauge Jens,FIFA-SQUAD-PDF,fifa-norway-jens-hauge
Norway,Jorgen Strand Larsen,Strand Larsen; Strand Larsen Jorgen,FIFA-SQUAD-PDF,fifa-norway-jorgen-strand-larsen
Norway,Julian Ryerson,Ryerson; Ryerson Julian,FIFA-SQUAD-PDF,fifa-norway-julian-ryerson
Norway,Kristian Thorstvedt,Thorstvedt; Thorstvedt Kristian,FIFA-SQUAD-PDF,fifa-norway-kristian-thorstvedt
Norway,Kristoffer Ajer,Ajer; Ajer Kristoffer,FIFA-SQUAD-PDF,fifa-norway-kristoffer-ajer
Norway,Leo Ostigard,Ostigard; Ostigard Leo,FIFA-SQUAD-PDF,fifa-norway-leo-ostigard
Norway,Marcus Holmgren Pedersen,Holmgren Pedersen; Holmgren Pedersen Marcus,FIFA-SQUAD-PDF,fifa-norway-marcus-holmgren-pedersen
Norway,Martin Odegaard,Odegaard; Odegaard Martin,FIFA-SQUAD-PDF,fifa-norway-martin-odegaard
Norway,Morten Thorsby,Thorsby; Thorsby Morten,FIFA-SQUAD-PDF,fifa-norway-morten-thorsby
Norway,Orjan Nyland,Nyland; Nyland Orjan,FIFA-SQUAD-PDF,fifa-norway-orjan-nyland
Norway,Oscar Bobb,Bobb; Bobb Oscar,FIFA-SQUAD-PDF,fifa-norway-oscar-bobb
Norway,Patrick Berg,Berg; Berg Patrick,FIFA-SQUAD-PDF,fifa-norway-patrick-berg
Norway,Sander Berge,Berge; Berge Sander,FIFA-SQUAD-PDF,fifa-norway-sander-berge
Norway,Sander Tangvik,Tangvik; Tangvik Sander,FIFA-SQUAD-PDF,fifa-norway-sander-tangvik
Norway,Sondre Langas,Langas; Langas Sondre,FIFA-SQUAD-PDF,fifa-norway-sondre-langas
Norway,Thelo Aasgaard,Aasgaard; Aasgaard Thelo,FIFA-SQUAD-PDF,fifa-norway-thelo-aasgaard
Norway,Torbjorn Heggem,Heggem; Heggem Torbjorn,FIFA-SQUAD-PDF,fifa-norway-torbjorn-heggem
Panama,Adalberto Carrasquilla,Carrasquilla; Carrasquilla Adalberto,FIFA-SQUAD-PDF,fifa-panama-adalberto-carrasquilla
Panama,Alberto Quintero,Quintero; Quintero Alberto,FIFA-SQUAD-PDF,fifa-panama-alberto-quintero
Panama,Amir Murillo,Murillo; Murillo Amir,FIFA-SQUAD-PDF,fifa-panama-amir-murillo
Panama,Andres Andrade,Andrade; Andrade Andres,FIFA-SQUAD-PDF,fifa-panama-andres-andrade
Panama,Anibal Godoy,Godoy; Godoy Anibal,FIFA-SQUAD-PDF,fifa-panama-anibal-godoy
Panama,Azarias Londono,Londono; Londono Azarias,FIFA-SQUAD-PDF,fifa-panama-azarias-londono
Panama,Carlos Harvey,Harvey; Harvey Carlos,FIFA-SQUAD-PDF,fifa-panama-carlos-harvey
Panama,Cecilio Waterman,Waterman; Waterman Cecilio,FIFA-SQUAD-PDF,fifa-panama-cecilio-waterman
Panama,Cesar Blackman,Blackman; Blackman Cesar,FIFA-SQUAD-PDF,fifa-panama-cesar-blackman
Panama,Cesar Samudio,Samudio; Samudio Cesar,FIFA-SQUAD-PDF,fifa-panama-cesar-samudio
Panama,Cesar Yanis,Yanis; Yanis Cesar,FIFA-SQUAD-PDF,fifa-panama-cesar-yanis
Panama,Cristian Martinez,Martinez; Martinez Cristian,FIFA-SQUAD-PDF,fifa-panama-cristian-martinez
Panama,Edgar Barcenas,Barcenas; Barcenas Edgar,FIFA-SQUAD-PDF,fifa-panama-edgar-barcenas
Panama,Edgardo Farina,Farina; Farina Edgardo,FIFA-SQUAD-PDF,fifa-panama-edgardo-farina
Panama,Eric Davis,Davis; Davis Eric,FIFA-SQUAD-PDF,fifa-panama-eric-davis
Panama,Fidel Escobar,Escobar; Escobar Fidel,FIFA-SQUAD-PDF,fifa-panama-fidel-escobar
Panama,Ismael Diaz,Diaz; Diaz Ismael,FIFA-SQUAD-PDF,fifa-panama-ismael-diaz
Panama,Jiovany Ramos,Ramos; Ramos Jiovany,FIFA-SQUAD-PDF,fifa-panama-jiovany-ramos
Panama,Jorge Gutierrez,Gutierrez; Gutierrez Jorge,FIFA-SQUAD-PDF,fifa-panama-jorge-gutierrez
Panama,Jose Cordoba,Cordoba; Cordoba Jose,FIFA-SQUAD-PDF,fifa-panama-jose-cordoba
Panama,Jose Fajardo,Fajardo; Fajardo Jose,FIFA-SQUAD-PDF,fifa-panama-jose-fajardo
Panama,Jose Rodriguez,Rodriguez; Rodriguez Jose,FIFA-SQUAD-PDF,fifa-panama-jose-rodriguez
Panama,Luis Mejia,Mejia; Mejia Luis,FIFA-SQUAD-PDF,fifa-panama-luis-mejia
Panama,Orlando Mosquera,Mosquera; Mosquera Orlando,FIFA-SQUAD-PDF,fifa-panama-orlando-mosquera
Panama,Roderick Miller,Miller; Miller Roderick,FIFA-SQUAD-PDF,fifa-panama-roderick-miller
Panama,Tomas Rodriguez,Rodriguez; Rodriguez Tomas,FIFA-SQUAD-PDF,fifa-panama-tomas-rodriguez
Paraguay,Alejandro Romero Gamarra,Romero Gamarra; Romero Gamarra Alejandro,FIFA-SQUAD-PDF,fifa-paraguay-alejandro-romero-gamarra
Paraguay,Alex Arce,Arce; Arce Alex,FIFA-SQUAD-PDF,fifa-paraguay-alex-arce
Paraguay,Alexandro Maidana,Maidana; Maidana Alexandro,FIFA-SQUAD-PDF,fifa-paraguay-alexandro-maidana
Paraguay,Andres Cubas,Cubas; Cubas Andres,FIFA-SQUAD-PDF,fifa-paraguay-andres-cubas
Paraguay,Antonio Sanabria,Sanabria; Sanabria Antonio,FIFA-SQUAD-PDF,fifa-paraguay-antonio-sanabria
Paraguay,Braian Ojeda,Ojeda; Ojeda Braian,FIFA-SQUAD-PDF,fifa-paraguay-braian-ojeda
Paraguay,Damian Bobadilla,Bobadilla; Bobadilla Damian,FIFA-SQUAD-PDF,fifa-paraguay-damian-bobadilla
Paraguay,Diego Gomez,Gomez; Gomez Diego,FIFA-SQUAD-PDF,fifa-paraguay-diego-gomez
Paraguay,Fabian Balbuena,Balbuena; Balbuena Fabian,FIFA-SQUAD-PDF,fifa-paraguay-fabian-balbuena
Paraguay,Gabriel Avalos,Avalos; Avalos Gabriel,FIFA-SQUAD-PDF,fifa-paraguay-gabriel-avalos
Paraguay,Gaston Olveira,Olveira; Olveira Gaston,FIFA-SQUAD-PDF,fifa-paraguay-gaston-olveira
Paraguay,Gatito Fernandez,Fernandez; Fernandez Gatito,FIFA-SQUAD-PDF,fifa-paraguay-gatito-fernandez
Paraguay,Gustavo Caballero,Caballero; Caballero Gustavo,FIFA-SQUAD-PDF,fifa-paraguay-gustavo-caballero
Paraguay,Gustavo Gomez,Gomez; Gomez Gustavo,FIFA-SQUAD-PDF,fifa-paraguay-gustavo-gomez
Paraguay,Gustavo Velazquez,Velazquez; Velazquez Gustavo,FIFA-SQUAD-PDF,fifa-paraguay-gustavo-velazquez
Paraguay,Isidro Pitta,Pitta; Pitta Isidro,FIFA-SQUAD-PDF,fifa-paraguay-isidro-pitta
Paraguay,Jose Canale,Canale; Canale Jose,FIFA-SQUAD-PDF,fifa-paraguay-jose-canale
Paraguay,Juan Caceres,Caceres; Caceres Juan,FIFA-SQUAD-PDF,fifa-paraguay-juan-caceres
Paraguay,Julio Enciso,Enciso; Enciso Julio,FIFA-SQUAD-PDF,fifa-paraguay-julio-enciso
Paraguay,Junior Alonso,Alonso; Alonso Junior,FIFA-SQUAD-PDF,fifa-paraguay-junior-alonso
Paraguay,Matias Galarza,Galarza; Galarza Matias,FIFA-SQUAD-PDF,fifa-paraguay-matias-galarza
Paraguay,Mauricio,Mauricio Mauricio,FIFA-SQUAD-PDF,fifa-paraguay-mauricio
Paraguay,Miguel Almiron,Almiron; Almiron Miguel,FIFA-SQUAD-PDF,fifa-paraguay-miguel-almiron
Paraguay,Omar Alderete,Alderete; Alderete Omar,FIFA-SQUAD-PDF,fifa-paraguay-omar-alderete
Paraguay,Orlando Gill,Gill; Gill Orlando,FIFA-SQUAD-PDF,fifa-paraguay-orlando-gill
Paraguay,Ramon Sosa,Sosa; Sosa Ramon,FIFA-SQUAD-PDF,fifa-paraguay-ramon-sosa
Portugal,Bernardo Silva,Bernardo Silva Bernardo; Silva,FIFA-SQUAD-PDF,fifa-portugal-bernardo-silva
Portugal,Bruno Fernandes,Bruno Fernandes Bruno; Fernandes,FIFA-SQUAD-PDF,fifa-portugal-bruno-fernandes
Portugal,Cristiano Ronaldo,Cristiano Ronaldo Cristiano; Ronaldo,FIFA-SQUAD-PDF,fifa-portugal-cristiano-ronaldo
Portugal,Diogo Costa,Diogo Costa Diogo; Costa,FIFA-SQUAD-PDF,fifa-portugal-diogo-costa
Portugal,Francisco Conceicao,Francisco Conceicao Francisco; Conceicao,FIFA-SQUAD-PDF,fifa-portugal-francisco-conceicao
Portugal,Francisco Trincao,Francisco Trincao Francisco; Trincao,FIFA-SQUAD-PDF,fifa-portugal-francisco-trincao
Portugal,Goncalo Guedes,Goncalo Guedes Gonçalo; Guedes,FIFA-SQUAD-PDF,fifa-portugal-goncalo-guedes
Portugal,Goncalo Inacio,Goncalo Inacio Gonçalo; Inacio,FIFA-SQUAD-PDF,fifa-portugal-goncalo-inacio
Portugal,Goncalo Ramos,Goncalo Ramos Gonçalo; Ramos,FIFA-SQUAD-PDF,fifa-portugal-goncalo-ramos
Portugal,Joao Cancelo,Joao Cancelo João; Cancelo,FIFA-SQUAD-PDF,fifa-portugal-joao-cancelo
Portugal,Joao Felix,Joao Felix João; Felix,FIFA-SQUAD-PDF,fifa-portugal-joao-felix
Portugal,Joao Neves,Joao Neves João; Neves,FIFA-SQUAD-PDF,fifa-portugal-joao-neves
Portugal,Jose Sa,Jose Sa José; Sa,FIFA-SQUAD-PDF,fifa-portugal-jose-sa
Portugal,José Diogo Dalot,Diogo Dalot; Diogo Dalot José,FIFA-SQUAD-PDF,fifa-portugal-jose-diogo-dalot
Portugal,Matheus Nunes,Matheus Nunes Matheus; Nunes,FIFA-SQUAD-PDF,fifa-portugal-matheus-nunes
Portugal,Nelson Semedo,Nelson Semedo Nélson; Semedo,FIFA-SQUAD-PDF,fifa-portugal-nelson-semedo
Portugal,Nuno Mendes,Nuno Mendes Nuno; Mendes,FIFA-SQUAD-PDF,fifa-portugal-nuno-mendes
Portugal,Pedro Neto,Pedro Neto Pedro; Neto,FIFA-SQUAD-PDF,fifa-portugal-pedro-neto
Portugal,Rafael Leao,Rafael Leao Rafael; Leao,FIFA-SQUAD-PDF,fifa-portugal-rafael-leao
Portugal,Renato Veiga,Renato Veiga Renato; Veiga,FIFA-SQUAD-PDF,fifa-portugal-renato-veiga
Portugal,Ruben Dias,Ruben Dias Rúben; Dias,FIFA-SQUAD-PDF,fifa-portugal-ruben-dias
Portugal,Ruben Neves,Ruben Neves Rúben; Neves,FIFA-SQUAD-PDF,fifa-portugal-ruben-neves
Portugal,Rui Silva,Rui Silva Rui; Silva,FIFA-SQUAD-PDF,fifa-portugal-rui-silva
Portugal,Samuel Samu Costa,Samu Costa; Samu Costa Samuel,FIFA-SQUAD-PDF,fifa-portugal-samuel-samu-costa
Portugal,Tomas Araujo,Tomas Araujo Tomás; Araujo,FIFA-SQUAD-PDF,fifa-portugal-tomas-araujo
Portugal,Vitor Vitinha,Vitinha; Vitinha Vitor,FIFA-SQUAD-PDF,fifa-portugal-vitor-vitinha
Qatar,Abdelaziz Abdulaziz Hatem,Abdulaziz Hatem; Abdulaziz Hatem Abdelaziz,FIFA-SQUAD-PDF,fifa-qatar-abdelaziz-abdulaziz-hatem
Qatar,Ahmed Alaaeldin,Ahmed Alaaeldin Ahmed; Alaaeldin,FIFA-SQUAD-PDF,fifa-qatar-ahmed-alaaeldin
Qatar,Ahmed Alganehi,Ahmed Alganehi Ahmed; Alganehi,FIFA-SQUAD-PDF,fifa-qatar-ahmed-alganehi
Qatar,Ahmed Fathy,Ahmed Fathy Ahmed; Fathy,FIFA-SQUAD-PDF,fifa-qatar-ahmed-fathy
Qatar,Akram Afif,Akram Afif Akram; Afif,FIFA-SQUAD-PDF,fifa-qatar-akram-afif
Qatar,Alhashmi Alhussein,Alhashmi Alhussein Alhashmi; Alhussein,FIFA-SQUAD-PDF,fifa-qatar-alhashmi-alhussein
Qatar,Almoez Ali,Almoez Ali Almoez; Ali,FIFA-SQUAD-PDF,fifa-qatar-almoez-ali
Qatar,Assim Madibo,Assim Madibo Assim; Madibo,FIFA-SQUAD-PDF,fifa-qatar-assim-madibo
Qatar,Ayoub Aloui,Ayoub Aloui Ayoub; Aloui,FIFA-SQUAD-PDF,fifa-qatar-ayoub-aloui
Qatar,Boualem Khoukhi,Boualem Khoukhi Boualem; Khoukhi,FIFA-SQUAD-PDF,fifa-qatar-boualem-khoukhi
Qatar,Edmilson Junior,Edmilson Junior Edmilson; Junior,FIFA-SQUAD-PDF,fifa-qatar-edmilson-junior
Qatar,Gueye Issa Laye,Issa Laye; Issa Laye Gueye,FIFA-SQUAD-PDF,fifa-qatar-gueye-issa-laye
Qatar,Hasan Hassan Alhaydos,Hassan Alhaydos; Hassan Alhaydos Hasan,FIFA-SQUAD-PDF,fifa-qatar-hasan-hassan-alhaydos
Qatar,Homam Ahmed,Homam Ahmed Homam; Ahmed,FIFA-SQUAD-PDF,fifa-qatar-homam-ahmed
Qatar,Jassem Gaber,Jassem Gaber Jassem; Gaber,FIFA-SQUAD-PDF,fifa-qatar-jassem-gaber
Qatar,Karim Boudiaf,Karim Boudiaf Karim; Boudiaf,FIFA-SQUAD-PDF,fifa-qatar-karim-boudiaf
Qatar,Lucas Mendes,Lucas Mendes Lucas; Mendes,FIFA-SQUAD-PDF,fifa-qatar-lucas-mendes
Qatar,Mahmoud Abunada,Mahmoud Abunada Mahmoud; Abunada,FIFA-SQUAD-PDF,fifa-qatar-mahmoud-abunada
Qatar,Meshaal Barsham,Meshaal Barsham Meshaal; Barsham,FIFA-SQUAD-PDF,fifa-qatar-meshaal-barsham
Qatar,Mohamed Manai,Mohamed Manai Mohamed; Manai,FIFA-SQUAD-PDF,fifa-qatar-mohamed-manai
Qatar,Mohammed Muntari,Mohammed Muntari Mohammed; Muntari,FIFA-SQUAD-PDF,fifa-qatar-mohammed-muntari
Qatar,Pedro Miguel,Pedro Miguel Pedro; Miguel,FIFA-SQUAD-PDF,fifa-qatar-pedro-miguel
Qatar,Salah Zakaria,Salah Zakaria Salah; Zakaria,FIFA-SQUAD-PDF,fifa-qatar-salah-zakaria
Qatar,Sultan Albrake,Sultan Albrake Sultan; Albrake,FIFA-SQUAD-PDF,fifa-qatar-sultan-albrake
Qatar,Tahsin Mohammed,Tahsin Mohammed Tahsin; Mohammed,FIFA-SQUAD-PDF,fifa-qatar-tahsin-mohammed
Qatar,Yusuf Abdurisag,Yusuf Abdurisag Yusuf; Abdurisag,FIFA-SQUAD-PDF,fifa-qatar-yusuf-abdurisag
Saudi Arabia,Abdulelah Alamri,Abdulelah Alamri Abdulelah; Alamri,FIFA-SQUAD-PDF,fifa-saudi-arabia-abdulelah-alamri
Saudi Arabia,Abdullah Alhamddan,Abdullah Alhamddan Abdullah; Alhamddan,FIFA-SQUAD-PDF,fifa-saudi-arabia-abdullah-alhamddan
Saudi Arabia,Abdullah Alkhaibari,Abdullah Alkhaibari Abdullah; Alkhaibari,FIFA-SQUAD-PDF,fifa-saudi-arabia-abdullah-alkhaibari
Saudi Arabia,Ahmed Alkassar,Ahmed Alkassar Ahmed; Alkassar,FIFA-SQUAD-PDF,fifa-saudi-arabia-ahmed-alkassar
Saudi Arabia,Aiman Yahya,Aiman Yahya Aiman; Yahya,FIFA-SQUAD-PDF,fifa-saudi-arabia-aiman-yahya
Saudi Arabia,Ala Alhajji,Ala Alhajji Ala; Alhajji,FIFA-SQUAD-PDF,fifa-saudi-arabia-ala-alhajji
Saudi Arabia,Ali Lajami,Ali Lajami Ali; Lajami,FIFA-SQUAD-PDF,fifa-saudi-arabia-ali-lajami
Saudi Arabia,Ali Majrashi,Ali Majrashi Ali; Majrashi,FIFA-SQUAD-PDF,fifa-saudi-arabia-ali-majrashi
Saudi Arabia,Feras Albrikan,Feras Albrikan Feras; Albrikan,FIFA-SQUAD-PDF,fifa-saudi-arabia-feras-albrikan
Saudi Arabia,Hassan Altambakti,Hassan Altambakti Hassan; Altambakti,FIFA-SQUAD-PDF,fifa-saudi-arabia-hassan-altambakti
Saudi Arabia,Hassan Kadish,Hassan Kadish Hassan; Kadish,FIFA-SQUAD-PDF,fifa-saudi-arabia-hassan-kadish
Saudi Arabia,Jehad Thikri,Jehad Thikri Jehad; Thikri,FIFA-SQUAD-PDF,fifa-saudi-arabia-jehad-thikri
Saudi Arabia,Khalid Alghannam,Khalid Alghannam Khalid; Alghannam,FIFA-SQUAD-PDF,fifa-saudi-arabia-khalid-alghannam
Saudi Arabia,Mohamed Kanno,Mohamed Kanno Mohamed; Kanno,FIFA-SQUAD-PDF,fifa-saudi-arabia-mohamed-kanno
Saudi Arabia,Mohammed Abu Alshamat,Mohammed Abu Alshamat Mohammed; Abu Alshamat,FIFA-SQUAD-PDF,fifa-saudi-arabia-mohammed-abu-alshamat
Saudi Arabia,Mohammed Alowais,Mohammed Alowais Mohammed; Alowais,FIFA-SQUAD-PDF,fifa-saudi-arabia-mohammed-alowais
Saudi Arabia,Moteb Alharbi,Moteb Alharbi Moteb; Alharbi,FIFA-SQUAD-PDF,fifa-saudi-arabia-moteb-alharbi
Saudi Arabia,Musab Aljuwayr,Musab Aljuwayr Musab; Aljuwayr,FIFA-SQUAD-PDF,fifa-saudi-arabia-musab-aljuwayr
Saudi Arabia,Nasser Aldawsari,Nasser Aldawsari Nasser; Aldawsari,FIFA-SQUAD-PDF,fifa-saudi-arabia-nasser-aldawsari
Saudi Arabia,Nawaf Alaqidi,Nawaf Alaqidi Nawaf; Alaqidi,FIFA-SQUAD-PDF,fifa-saudi-arabia-nawaf-alaqidi
Saudi Arabia,Nawaf Bu Washl,Nawaf Bu Washl Nawaf; Bu Washl,FIFA-SQUAD-PDF,fifa-saudi-arabia-nawaf-bu-washl
Saudi Arabia,Saleh Alshehri,Saleh Alshehri Saleh; Alshehri,FIFA-SQUAD-PDF,fifa-saudi-arabia-saleh-alshehri
Saudi Arabia,Salem Aldawsari,Salem Aldawsari Salem; Aldawsari,FIFA-SQUAD-PDF,fifa-saudi-arabia-salem-aldawsari
Saudi Arabia,Saud Abdulhamid,Saud Abdulhamid Saud; Abdulhamid,FIFA-SQUAD-PDF,fifa-saudi-arabia-saud-abdulhamid
Saudi Arabia,Sultan Mandash,Sultan Mandash Sultan; Mandash,FIFA-SQUAD-PDF,fifa-saudi-arabia-sultan-mandash
Saudi Arabia,Ziyad Aljohani,Ziyad Aljohani Ziyad; Aljohani,FIFA-SQUAD-PDF,fifa-saudi-arabia-ziyad-aljohani
Scotland,Aaron Hickey,Hickey; Hickey Aaron,FIFA-SQUAD-PDF,fifa-scotland-aaron-hickey
Scotland,Andy Robertson,Robertson; Robertson Andy,FIFA-SQUAD-PDF,fifa-scotland-andy-robertson
Scotland,Angus Gunn,Gunn; Gunn Angus,FIFA-SQUAD-PDF,fifa-scotland-angus-gunn
Scotland,Anthony Ralston,Ralston; Ralston Anthony,FIFA-SQUAD-PDF,fifa-scotland-anthony-ralston
Scotland,Ben Gannon-Doak,Gannon-Doak; Gannon-Doak Ben,FIFA-SQUAD-PDF,fifa-scotland-ben-gannon-doak
Scotland,Che Adams,Adams; Adams Che,FIFA-SQUAD-PDF,fifa-scotland-che-adams
Scotland,Craig Gordon,Gordon; Gordon Craig,FIFA-SQUAD-PDF,fifa-scotland-craig-gordon
Scotland,Dominic Hyam,Hyam; Hyam Dominic,FIFA-SQUAD-PDF,fifa-scotland-dominic-hyam
Scotland,Findlay Curtis,Curtis; Curtis Findlay,FIFA-SQUAD-PDF,fifa-scotland-findlay-curtis
Scotland,George Hirst,Hirst; Hirst George,FIFA-SQUAD-PDF,fifa-scotland-george-hirst
Scotland,Grant Hanley,Hanley; Hanley Grant,FIFA-SQUAD-PDF,fifa-scotland-grant-hanley
Scotland,Jack Hendry,Hendry; Hendry Jack,FIFA-SQUAD-PDF,fifa-scotland-jack-hendry
Scotland,John McGinn,McGinn; McGinn John,FIFA-SQUAD-PDF,fifa-scotland-john-mcginn
Scotland,John Souttar,Souttar; Souttar John,FIFA-SQUAD-PDF,fifa-scotland-john-souttar
Scotland,Kenny McLean,McLean; McLean Kenny,FIFA-SQUAD-PDF,fifa-scotland-kenny-mclean
Scotland,Kieran Tierney,Tierney; Tierney Kieran,FIFA-SQUAD-PDF,fifa-scotland-kieran-tierney
Scotland,Lawrence Shankland,Shankland; Shankland Lawrence,FIFA-SQUAD-PDF,fifa-scotland-lawrence-shankland
Scotland,Lewis Ferguson,Ferguson; Ferguson Lewis,FIFA-SQUAD-PDF,fifa-scotland-lewis-ferguson
Scotland,Liam Kelly,Kelly; Kelly Liam,FIFA-SQUAD-PDF,fifa-scotland-liam-kelly
Scotland,Lyndon Dykes,Dykes; Dykes Lyndon,FIFA-SQUAD-PDF,fifa-scotland-lyndon-dykes
Scotland,Nathan Patterson,Patterson; Patterson Nathan,FIFA-SQUAD-PDF,fifa-scotland-nathan-patterson
Scotland,Ross Stewart,Stewart; Stewart Ross,FIFA-SQUAD-PDF,fifa-scotland-ross-stewart
Scotland,Ryan Christie,Christie; Christie Ryan,FIFA-SQUAD-PDF,fifa-scotland-ryan-christie
Scotland,Scott McKenna,McKenna; McKenna Scott,FIFA-SQUAD-PDF,fifa-scotland-scott-mckenna
Scotland,Scott McTominay,McTominay; McTominay Scott,FIFA-SQUAD-PDF,fifa-scotland-scott-mctominay
Scotland,Tyler Fletcher,Fletcher; Fletcher Tyler,FIFA-SQUAD-PDF,fifa-scotland-tyler-fletcher
Senegal,Abdoulaye Seck,Seck; Seck Abdoulaye,FIFA-SQUAD-PDF,fifa-senegal-abdoulaye-seck
Senegal,Antoine Mendy,Mendy; Mendy Antoine,FIFA-SQUAD-PDF,fifa-senegal-antoine-mendy
Senegal,Assane Diao,Diao; Diao Assane,FIFA-SQUAD-PDF,fifa-senegal-assane-diao
Senegal,Bamba Dieng,Dieng; Dieng Bamba,FIFA-SQUAD-PDF,fifa-senegal-bamba-dieng
Senegal,Bara Ndiaye,Ndiaye; Ndiaye Bara,FIFA-SQUAD-PDF,fifa-senegal-bara-ndiaye
Senegal,Cherif Ndiaye,Ndiaye; Ndiaye Cherif,FIFA-SQUAD-PDF,fifa-senegal-cherif-ndiaye
Senegal,Edouard Mendy,Mendy; Mendy Edouard,FIFA-SQUAD-PDF,fifa-senegal-edouard-mendy
Senegal,El Diouf,Diouf; Diouf El,FIFA-SQUAD-PDF,fifa-senegal-el-diouf
Senegal,Habib Diarra,Diarra; Diarra Habib,FIFA-SQUAD-PDF,fifa-senegal-habib-diarra
Senegal,Ibrahim Mbaye,Mbaye; Mbaye Ibrahim,FIFA-SQUAD-PDF,fifa-senegal-ibrahim-mbaye
Senegal,Idrissa Gueye,Gueye; Gueye Idrissa,FIFA-SQUAD-PDF,fifa-senegal-idrissa-gueye
Senegal,Iliman Ndiaye,Ndiaye; Ndiaye Iliman,FIFA-SQUAD-PDF,fifa-senegal-iliman-ndiaye
Senegal,Ismail Jakobs,Jakobs; Jakobs Ismail,FIFA-SQUAD-PDF,fifa-senegal-ismail-jakobs
Senegal,Ismaila Sarr,Sarr; Sarr Ismaila,FIFA-SQUAD-PDF,fifa-senegal-ismaila-sarr
Senegal,Kalidou Koulibaly,Koulibaly; Koulibaly Kalidou,FIFA-SQUAD-PDF,fifa-senegal-kalidou-koulibaly
Senegal,Krepin Diatta,Diatta; Diatta Krepin,FIFA-SQUAD-PDF,fifa-senegal-krepin-diatta
Senegal,Lamine Camara,Camara; Camara Lamine,FIFA-SQUAD-PDF,fifa-senegal-lamine-camara
Senegal,Mamadou Sarr,Sarr; Sarr Mamadou,FIFA-SQUAD-PDF,fifa-senegal-mamadou-sarr
Senegal,Mory Diaw,Diaw; Diaw Mory,FIFA-SQUAD-PDF,fifa-senegal-mory-diaw
Senegal,Moussa Niakhate,Niakhate; Niakhate Moussa,FIFA-SQUAD-PDF,fifa-senegal-moussa-niakhate
Senegal,Nicolas Jackson,Jackson; Jackson Nicolas,FIFA-SQUAD-PDF,fifa-senegal-nicolas-jackson
Senegal,Pape Gueye,Gueye; Gueye Pape,FIFA-SQUAD-PDF,fifa-senegal-pape-gueye
Senegal,Pape Sarr,Sarr; Sarr Pape,FIFA-SQUAD-PDF,fifa-senegal-pape-sarr
Senegal,Pathe Ciss,Ciss; Ciss Pathe,FIFA-SQUAD-PDF,fifa-senegal-pathe-ciss
Senegal,Sadio Mane,Mane; Mane Sadio,FIFA-SQUAD-PDF,fifa-senegal-sadio-mane
Senegal,Yehvann Diouf,Diouf; Diouf Yehvann,FIFA-SQUAD-PDF,fifa-senegal-yehvann-diouf
South Africa,Aubrey Modiba,Modiba; Modiba Aubrey,FIFA-SQUAD-PDF,fifa-south-africa-aubrey-modiba
South Africa,Bradley Cross,Cross; Cross Bradley,FIFA-SQUAD-PDF,fifa-south-africa-bradley-cross
South Africa,Evidence Makgopa,Makgopa; Makgopa Evidence,FIFA-SQUAD-PDF,fifa-south-africa-evidence-makgopa
South Africa,Ime Okon,Okon; Okon Ime,FIFA-SQUAD-PDF,fifa-south-africa-ime-okon
South Africa,Iqraam Rayners,Rayners; Rayners Iqraam,FIFA-SQUAD-PDF,fifa-south-africa-iqraam-rayners
South Africa,Jayden Adams,Adams; Adams Jayden,FIFA-SQUAD-PDF,fifa-south-africa-jayden-adams
South Africa,Kamogelo Sebelebele,Sebelebele; Sebelebele Kamogelo,FIFA-SQUAD-PDF,fifa-south-africa-kamogelo-sebelebele
South Africa,Khuliso Mudau,Mudau; Mudau Khuliso,FIFA-SQUAD-PDF,fifa-south-africa-khuliso-mudau
South Africa,Khulumani Ndamane,Ndamane; Ndamane Khulumani,FIFA-SQUAD-PDF,fifa-south-africa-khulumani-ndamane
South Africa,Lyle Foster,Foster; Foster Lyle,FIFA-SQUAD-PDF,fifa-south-africa-lyle-foster
South Africa,Mbekezeli Mbokazi,Mbokazi; Mbokazi Mbekezeli,FIFA-SQUAD-PDF,fifa-south-africa-mbekezeli-mbokazi
South Africa,Nkosinathi Sibisi,Sibisi; Sibisi Nkosinathi,FIFA-SQUAD-PDF,fifa-south-africa-nkosinathi-sibisi
South Africa,Olwethu Makhanya,Makhanya; Makhanya Olwethu,FIFA-SQUAD-PDF,fifa-south-africa-olwethu-makhanya
South Africa,Oswin Appollis,Appollis; Appollis Oswin,FIFA-SQUAD-PDF,fifa-south-africa-oswin-appollis
South Africa,Relebohile Mofokeng,Mofokeng; Mofokeng Relebohile,FIFA-SQUAD-PDF,fifa-south-africa-relebohile-mofokeng
South Africa,Ricardo Goss,Goss; Goss Ricardo,FIFA-SQUAD-PDF,fifa-south-africa-ricardo-goss
South Africa,Ronwen Williams,Williams; Williams Ronwen,FIFA-SQUAD-PDF,fifa-south-africa-ronwen-williams
South Africa,Samukele Kabini,Kabini; Kabini Samukele,FIFA-SQUAD-PDF,fifa-south-africa-samukele-kabini
South Africa,Sipho Chaine,Chaine; Chaine Sipho,FIFA-SQUAD-PDF,fifa-south-africa-sipho-chaine
South Africa,Sphephelo Sithole,Sithole; Sithole Sphephelo,FIFA-SQUAD-PDF,fifa-south-africa-sphephelo-sithole
South Africa,Teboho Mokoena,Mokoena; Mokoena Teboho,FIFA-SQUAD-PDF,fifa-south-africa-teboho-mokoena
South Africa,Thabang Matuludi,Matuludi; Matuludi Thabang,FIFA-SQUAD-PDF,fifa-south-africa-thabang-matuludi
South Africa,Thalente Mbatha,Mbatha; Mbatha Thalente,FIFA-SQUAD-PDF,fifa-south-africa-thalente-mbatha
South Africa,Thapelo Maseko,Maseko; Maseko Thapelo,FIFA-SQUAD-PDF,fifa-south-africa-thapelo-maseko
South Africa,Themba Zwane,Zwane; Zwane Themba,FIFA-SQUAD-PDF,fifa-south-africa-themba-zwane
South Africa,Tshepang Moremi,Moremi; Moremi Tshepang,FIFA-SQUAD-PDF,fifa-south-africa-tshepang-moremi
Spain,Alex Baena,Baena; Baena Alex,FIFA-SQUAD-PDF,fifa-spain-alex-baena
Spain,Alex Grimaldo,Grimaldo; Grimaldo Alex,FIFA-SQUAD-PDF,fifa-spain-alex-grimaldo
Spain,Aymeric Laporte,Laporte; Laporte Aymeric,FIFA-SQUAD-PDF,fifa-spain-aymeric-laporte
Spain,Borja Iglesias,Iglesias; Iglesias Borja,FIFA-SQUAD-PDF,fifa-spain-borja-iglesias
Spain,Dani Olmo,Olmo; Olmo Dani,FIFA-SQUAD-PDF,fifa-spain-dani-olmo
Spain,David Raya,Raya; Raya David,FIFA-SQUAD-PDF,fifa-spain-david-raya
Spain,Eric Garcia,Garcia; Garcia Eric,FIFA-SQUAD-PDF,fifa-spain-eric-garcia
Spain,Fabian Ruiz,Ruiz; Ruiz Fabian,FIFA-SQUAD-PDF,fifa-spain-fabian-ruiz
Spain,Ferran Torres,Torres; Torres Ferran,FIFA-SQUAD-PDF,fifa-spain-ferran-torres
Spain,Joan Garcia,Garcia; Garcia Joan,FIFA-SQUAD-PDF,fifa-spain-joan-garcia
Spain,Lamine Yamal,Yamal; Yamal Lamine,FIFA-SQUAD-PDF,fifa-spain-lamine-yamal
Spain,Marc Cucurella,Cucurella; Cucurella Marc,FIFA-SQUAD-PDF,fifa-spain-marc-cucurella
Spain,Marc Pubill,Pubill; Pubill Marc,FIFA-SQUAD-PDF,fifa-spain-marc-pubill
Spain,Marcos Llorente,Llorente; Llorente Marcos,FIFA-SQUAD-PDF,fifa-spain-marcos-llorente
Spain,Martin Zubimendi,Zubimendi; Zubimendi Martin,FIFA-SQUAD-PDF,fifa-spain-martin-zubimendi
Spain,Mikel Merino,Merino; Merino Mikel,FIFA-SQUAD-PDF,fifa-spain-mikel-merino
Spain,Mikel Oyarzabal,Oyarzabal; Oyarzabal Mikel,FIFA-SQUAD-PDF,fifa-spain-mikel-oyarzabal
Spain,Nico Williams,Williams; Williams Nico,FIFA-SQUAD-PDF,fifa-spain-nico-williams
Spain,Pablo Gavi,Gavi; Gavi Pablo,FIFA-SQUAD-PDF,fifa-spain-pablo-gavi
Spain,Pau Cubarsi,Cubarsi; Cubarsi Pau,FIFA-SQUAD-PDF,fifa-spain-pau-cubarsi
Spain,Pedro Pedri,Pedri; Pedri Pedro,FIFA-SQUAD-PDF,fifa-spain-pedro-pedri
Spain,Pedro Porro,Porro; Porro Pedro,FIFA-SQUAD-PDF,fifa-spain-pedro-porro
Spain,Rodrigo Rodri,Rodri; Rodri Rodrigo,FIFA-SQUAD-PDF,fifa-spain-rodrigo-rodri
Spain,Unai Simon,Simon; Simon Unai,FIFA-SQUAD-PDF,fifa-spain-unai-simon
Spain,Victor Munoz,Munoz; Munoz Victor,FIFA-SQUAD-PDF,fifa-spain-victor-munoz
Spain,Yeremy Pino,Pino; Pino Yeremy,FIFA-SQUAD-PDF,fifa-spain-yeremy-pino
Sweden,Alexander Bernhardsson,Bernhardsson; Bernhardsson Alexander,FIFA-SQUAD-PDF,fifa-sweden-alexander-bernhardsson
Sweden,Alexander Isak,Isak; Isak Alexander,FIFA-SQUAD-PDF,fifa-sweden-alexander-isak
Sweden,Anthony Elanga,Elanga; Elanga Anthony,FIFA-SQUAD-PDF,fifa-sweden-anthony-elanga
Sweden,Benjamin Nygren,Nygren; Nygren Benjamin,FIFA-SQUAD-PDF,fifa-sweden-benjamin-nygren
Sweden,Besfort Zeneli,Zeneli; Zeneli Besfort,FIFA-SQUAD-PDF,fifa-sweden-besfort-zeneli
Sweden,Carl Starfelt,Starfelt; Starfelt Carl,FIFA-SQUAD-PDF,fifa-sweden-carl-starfelt
Sweden,Daniel Svensson,Svensson; Svensson Daniel,FIFA-SQUAD-PDF,fifa-sweden-daniel-svensson
Sweden,Elliot Stroud,Stroud; Stroud Elliot,FIFA-SQUAD-PDF,fifa-sweden-elliot-stroud
Sweden,Eric Smith,Smith; Smith Eric,FIFA-SQUAD-PDF,fifa-sweden-eric-smith
Sweden,Gabriel Gudmundsson,Gudmundsson; Gudmundsson Gabriel,FIFA-SQUAD-PDF,fifa-sweden-gabriel-gudmundsson
Sweden,Gustaf Lagerbielke,Lagerbielke; Lagerbielke Gustaf,FIFA-SQUAD-PDF,fifa-sweden-gustaf-lagerbielke
Sweden,Gustaf Nilsson,Nilsson; Nilsson Gustaf,FIFA-SQUAD-PDF,fifa-sweden-gustaf-nilsson
Sweden,Herman Johansson,Johansson; Johansson Herman,FIFA-SQUAD-PDF,fifa-sweden-herman-johansson
Sweden,Hjalmar Ekdal,Ekdal; Ekdal Hjalmar,FIFA-SQUAD-PDF,fifa-sweden-hjalmar-ekdal
Sweden,Isak Hien,Hien; Hien Isak,FIFA-SQUAD-PDF,fifa-sweden-isak-hien
Sweden,Jacob Widell Zetterstrom,Widell Zetterstrom; Widell Zetterstrom Jacob,FIFA-SQUAD-PDF,fifa-sweden-jacob-widell-zetterstrom
Sweden,Jesper Karlstrom,Karlstrom; Karlstrom Jesper,FIFA-SQUAD-PDF,fifa-sweden-jesper-karlstrom
Sweden,Ken Sema,Sema; Sema Ken,FIFA-SQUAD-PDF,fifa-sweden-ken-sema
Sweden,Kristoffer Nordfeldt,Nordfeldt; Nordfeldt Kristoffer,FIFA-SQUAD-PDF,fifa-sweden-kristoffer-nordfeldt
Sweden,Lucas Bergvall,Bergvall; Bergvall Lucas,FIFA-SQUAD-PDF,fifa-sweden-lucas-bergvall
Sweden,Mattias Svanberg,Svanberg; Svanberg Mattias,FIFA-SQUAD-PDF,fifa-sweden-mattias-svanberg
Sweden,Taha Ali,Ali; Ali Taha,FIFA-SQUAD-PDF,fifa-sweden-taha-ali
Sweden,Victor Lindelof,Lindelof; Lindelof Victor,FIFA-SQUAD-PDF,fifa-sweden-victor-lindelof
Sweden,Viktor Gyokeres,Gyokeres; Gyokeres Viktor,FIFA-SQUAD-PDF,fifa-sweden-viktor-gyokeres
Sweden,Viktor Johansson,Johansson; Johansson Viktor,FIFA-SQUAD-PDF,fifa-sweden-viktor-johansson
Sweden,Yasin Ayari,Ayari; Ayari Yasin,FIFA-SQUAD-PDF,fifa-sweden-yasin-ayari
Switzerland,Ardon Jashari,Jashari; Jashari Ardon,FIFA-SQUAD-PDF,fifa-switzerland-ardon-jashari
Switzerland,Aurele Amenda,Amenda; Amenda Aurele,FIFA-SQUAD-PDF,fifa-switzerland-aurele-amenda
Switzerland,Breel Embolo,Embolo; Embolo Breel,FIFA-SQUAD-PDF,fifa-switzerland-breel-embolo
Switzerland,Cedric Itten,Itten; Itten Cedric,FIFA-SQUAD-PDF,fifa-switzerland-cedric-itten
Switzerland,Christian Fassnacht,Fassnacht; Fassnacht Christian,FIFA-SQUAD-PDF,fifa-switzerland-christian-fassnacht
Switzerland,Dan Ndoye,Ndoye; Ndoye Dan,FIFA-SQUAD-PDF,fifa-switzerland-dan-ndoye
Switzerland,Denis Zakaria,Zakaria; Zakaria Denis,FIFA-SQUAD-PDF,fifa-switzerland-denis-zakaria
Switzerland,Djibril Sow,Sow; Sow Djibril,FIFA-SQUAD-PDF,fifa-switzerland-djibril-sow
Switzerland,Eray Coemert,Coemert; Coemert Eray,FIFA-SQUAD-PDF,fifa-switzerland-eray-coemert
Switzerland,Fabian Rieder,Rieder; Rieder Fabian,FIFA-SQUAD-PDF,fifa-switzerland-fabian-rieder
Switzerland,Granit Xhaka,Xhaka; Xhaka Granit,FIFA-SQUAD-PDF,fifa-switzerland-granit-xhaka
Switzerland,Gregor Kobel,Kobel; Kobel Gregor,FIFA-SQUAD-PDF,fifa-switzerland-gregor-kobel
Switzerland,Johan Manzambi,Manzambi; Manzambi Johan,FIFA-SQUAD-PDF,fifa-switzerland-johan-manzambi
Switzerland,Luca Jaquez,Jaquez; Jaquez Luca,FIFA-SQUAD-PDF,fifa-switzerland-luca-jaquez
Switzerland,Manuel Akanji,Akanji; Akanji Manuel,FIFA-SQUAD-PDF,fifa-switzerland-manuel-akanji
Switzerland,Marvin Keller,Keller; Keller Marvin,FIFA-SQUAD-PDF,fifa-switzerland-marvin-keller
Switzerland,Michel Aebischer,Aebischer; Aebischer Michel,FIFA-SQUAD-PDF,fifa-switzerland-michel-aebischer
Switzerland,Miro Muheim,Muheim; Muheim Miro,FIFA-SQUAD-PDF,fifa-switzerland-miro-muheim
Switzerland,Nico Elvedi,Elvedi; Elvedi Nico,FIFA-SQUAD-PDF,fifa-switzerland-nico-elvedi
Switzerland,Noah Okafor,Okafor; Okafor Noah,FIFA-SQUAD-PDF,fifa-switzerland-noah-okafor
Switzerland,Remo Freuler,Freuler; Freuler Remo,FIFA-SQUAD-PDF,fifa-switzerland-remo-freuler
Switzerland,Ricardo Rodriguez,Rodriguez; Rodriguez Ricardo,FIFA-SQUAD-PDF,fifa-switzerland-ricardo-rodriguez
Switzerland,Ruben Vargas,Vargas; Vargas Ruben,FIFA-SQUAD-PDF,fifa-switzerland-ruben-vargas
Switzerland,Silvan Widmer,Widmer; Widmer Silvan,FIFA-SQUAD-PDF,fifa-switzerland-silvan-widmer
Switzerland,Yvon Mvogo,Mvogo; Mvogo Yvon,FIFA-SQUAD-PDF,fifa-switzerland-yvon-mvogo
Switzerland,Zeki Amdouni,Amdouni; Amdouni Zeki,FIFA-SQUAD-PDF,fifa-switzerland-zeki-amdouni
Tunisia,Adam Arous,Arous; Arous Adam,FIFA-SQUAD-PDF,fifa-tunisia-adam-arous
Tunisia,Ali Abdi,Abdi; Abdi Ali,FIFA-SQUAD-PDF,fifa-tunisia-ali-abdi
Tunisia,Anis Slimane,Slimane; Slimane Anis,FIFA-SQUAD-PDF,fifa-tunisia-anis-slimane
Tunisia,Aymen Dahmen,Dahmen; Dahmen Aymen,FIFA-SQUAD-PDF,fifa-tunisia-aymen-dahmen
Tunisia,Dylan Bronn,Bronn; Bronn Dylan,FIFA-SQUAD-PDF,fifa-tunisia-dylan-bronn
Tunisia,Elias Achouri,Achouri; Achouri Elias,FIFA-SQUAD-PDF,fifa-tunisia-elias-achouri
Tunisia,Elias Saad,Saad; Saad Elias,FIFA-SQUAD-PDF,fifa-tunisia-elias-saad
Tunisia,Ellyes Skhiri,Skhiri; Skhiri Ellyes,FIFA-SQUAD-PDF,fifa-tunisia-ellyes-skhiri
Tunisia,Firas Chaouat,Chaouat; Chaouat Firas,FIFA-SQUAD-PDF,fifa-tunisia-firas-chaouat
Tunisia,Hannibal Mejbri,Mejbri; Mejbri Hannibal,FIFA-SQUAD-PDF,fifa-tunisia-hannibal-mejbri
Tunisia,Hazem Mastouri,Mastouri; Mastouri Hazem,FIFA-SQUAD-PDF,fifa-tunisia-hazem-mastouri
Tunisia,Ismael Gharbi,Gharbi; Gharbi Ismael,FIFA-SQUAD-PDF,fifa-tunisia-ismael-gharbi
Tunisia,Khalil Ayari,Ayari; Ayari Khalil,FIFA-SQUAD-PDF,fifa-tunisia-khalil-ayari
Tunisia,Mohamed Ben Hmida,Ben Hmida; Ben Hmida Mohamed,FIFA-SQUAD-PDF,fifa-tunisia-mohamed-ben-hmida
Tunisia,Mohamed Hadj Mahmoud,Hadj Mahmoud; Hadj Mahmoud Mohamed,FIFA-SQUAD-PDF,fifa-tunisia-mohamed-hadj-mahmoud
Tunisia,Montassar Talbi,Talbi; Talbi Montassar,FIFA-SQUAD-PDF,fifa-tunisia-montassar-talbi
Tunisia,Mortadha Ben Ouanes,Ben Ouanes; Ben Ouanes Mortadha,FIFA-SQUAD-PDF,fifa-tunisia-mortadha-ben-ouanes
Tunisia,Mouhib Chamakh,Chamakh; Chamakh Mouhib,FIFA-SQUAD-PDF,fifa-tunisia-mouhib-chamakh
Tunisia,Moutaz Neffati,Neffati; Neffati Moutaz,FIFA-SQUAD-PDF,fifa-tunisia-moutaz-neffati
Tunisia,Omar Rekik,Rekik; Rekik Omar,FIFA-SQUAD-PDF,fifa-tunisia-omar-rekik
Tunisia,Raed Chikhaoui,Chikhaoui; Chikhaoui Raed,FIFA-SQUAD-PDF,fifa-tunisia-raed-chikhaoui
Tunisia,Rani Khedira,Khedira; Khedira Rani,FIFA-SQUAD-PDF,fifa-tunisia-rani-khedira
Tunisia,Rayan Elloumi,Elloumi; Elloumi Rayan,FIFA-SQUAD-PDF,fifa-tunisia-rayan-elloumi
Tunisia,Sabri Ben Hessen,Ben Hessen; Ben Hessen Sabri,FIFA-SQUAD-PDF,fifa-tunisia-sabri-ben-hessen
Tunisia,Sebastian Tounekti,Tounekti; Tounekti Sebastian,FIFA-SQUAD-PDF,fifa-tunisia-sebastian-tounekti
Tunisia,Yan Valery,Valery; Valery Yan,FIFA-SQUAD-PDF,fifa-tunisia-yan-valery
Türkiye,Abdulkerim Bardakci,Bardakci; Bardakci Abdulkerim,FIFA-SQUAD-PDF,fifa-turkiye-abdulkerim-bardakci
Türkiye,Altay Bayindir,Bayindir; Bayindir Altay,FIFA-SQUAD-PDF,fifa-turkiye-altay-bayindir
Türkiye,Arda Guler,Guler; Guler Arda,FIFA-SQUAD-PDF,fifa-turkiye-arda-guler
Türkiye,Baris Yilmaz,Yilmaz; Yilmaz Baris,FIFA-SQUAD-PDF,fifa-turkiye-baris-yilmaz
Türkiye,Caglar Soyuncu,Soyuncu; Soyuncu Caglar,FIFA-SQUAD-PDF,fifa-turkiye-caglar-soyuncu
Türkiye,Can Uzun,Uzun; Uzun Can,FIFA-SQUAD-PDF,fifa-turkiye-can-uzun
Türkiye,Deniz Gul,Gul; Gul Deniz,FIFA-SQUAD-PDF,fifa-turkiye-deniz-gul
Türkiye,Eren Elmali,Elmali; Elmali Eren,FIFA-SQUAD-PDF,fifa-turkiye-eren-elmali
Türkiye,Ferdi Kadioglu,Kadioglu; Kadioglu Ferdi,FIFA-SQUAD-PDF,fifa-turkiye-ferdi-kadioglu
Türkiye,Hakan Calhanoglu,Calhanoglu; Calhanoglu Hakan,FIFA-SQUAD-PDF,fifa-turkiye-hakan-calhanoglu
Türkiye,Irfan Kahveci,Kahveci; Kahveci Irfan,FIFA-SQUAD-PDF,fifa-turkiye-irfan-kahveci
Türkiye,Ismail Yuksek,Yuksek; Yuksek Ismail,FIFA-SQUAD-PDF,fifa-turkiye-ismail-yuksek
Türkiye,Kaan Ayhan,Ayhan; Ayhan Kaan,FIFA-SQUAD-PDF,fifa-turkiye-kaan-ayhan
Türkiye,Kenan Yildiz,Yildiz; Yildiz Kenan,FIFA-SQUAD-PDF,fifa-turkiye-kenan-yildiz
Türkiye,Kerem Akturkoglu,Akturkoglu; Akturkoglu Kerem,FIFA-SQUAD-PDF,fifa-turkiye-kerem-akturkoglu
Türkiye,Merih Demiral,Demiral; Demiral Merih,FIFA-SQUAD-PDF,fifa-turkiye-merih-demiral
Türkiye,Mert Gunok,Gunok; Gunok Mert,FIFA-SQUAD-PDF,fifa-turkiye-mert-gunok
Türkiye,Mert Muldur,Muldur; Muldur Mert,FIFA-SQUAD-PDF,fifa-turkiye-mert-muldur
Türkiye,Oguz Aydin,Aydin; Aydin Oguz,FIFA-SQUAD-PDF,fifa-turkiye-oguz-aydin
Türkiye,Orkun Kokcu,Kokcu; Kokcu Orkun,FIFA-SQUAD-PDF,fifa-turkiye-orkun-kokcu
Türkiye,Ozan Kabak,Kabak; Kabak Ozan,FIFA-SQUAD-PDF,fifa-turkiye-ozan-kabak
Türkiye,Salih Ozcan,Ozcan; Ozcan Salih,FIFA-SQUAD-PDF,fifa-turkiye-salih-ozcan
Türkiye,Samet Akaydin,Akaydin; Akaydin Samet,FIFA-SQUAD-PDF,fifa-turkiye-samet-akaydin
Türkiye,Ugurcan Cakir,Cakir; Cakir Ugurcan,FIFA-SQUAD-PDF,fifa-turkiye-ugurcan-cakir
Türkiye,Yunus Akgun,Akgun; Akgun Yunus,FIFA-SQUAD-PDF,fifa-turkiye-yunus-akgun
Türkiye,Zeki Celik,Celik; Celik Zeki,FIFA-SQUAD-PDF,fifa-turkiye-zeki-celik
USA,Alex Freeman,Freeman; Freeman Alex,FIFA-SQUAD-PDF,fifa-usa-alex-freeman
USA,Alex Zendejas,Zendejas; Zendejas Alex,FIFA-SQUAD-PDF,fifa-usa-alex-zendejas
USA,Antonee Robinson,Robinson; Robinson Antonee,FIFA-SQUAD-PDF,fifa-usa-antonee-robinson
USA,Auston Trusty,Trusty; Trusty Auston,FIFA-SQUAD-PDF,fifa-usa-auston-trusty
USA,Brenden Aaronson,Aaronson; Aaronson Brenden,FIFA-SQUAD-PDF,fifa-usa-brenden-aaronson
USA,Chris Brady,Brady; Brady Chris,FIFA-SQUAD-PDF,fifa-usa-chris-brady
USA,Chris Richards,Richards; Richards Chris,FIFA-SQUAD-PDF,fifa-usa-chris-richards
USA,Christian Pulisic,Pulisic; Pulisic Christian,FIFA-SQUAD-PDF,fifa-usa-christian-pulisic
USA,Cristian Roldan,Roldan; Roldan Cristian,FIFA-SQUAD-PDF,fifa-usa-cristian-roldan
USA,Folarin Balogun,Balogun; Balogun Folarin,FIFA-SQUAD-PDF,fifa-usa-folarin-balogun
USA,Giovanni Reyna,Reyna; Reyna Giovanni,FIFA-SQUAD-PDF,fifa-usa-giovanni-reyna
USA,Haji Wright,Wright; Wright Haji,FIFA-SQUAD-PDF,fifa-usa-haji-wright
USA,Joe Scally,Scally; Scally Joe,FIFA-SQUAD-PDF,fifa-usa-joe-scally
USA,Malik Tillman,Tillman; Tillman Malik,FIFA-SQUAD-PDF,fifa-usa-malik-tillman
USA,Mark McKenzie,McKenzie; McKenzie Mark,FIFA-SQUAD-PDF,fifa-usa-mark-mckenzie
USA,Matt Freese,Freese; Freese Matt,FIFA-SQUAD-PDF,fifa-usa-matt-freese
USA,Matt Turner,Turner; Turner Matt,FIFA-SQUAD-PDF,fifa-usa-matt-turner
USA,Max Arfsten,Arfsten; Arfsten Max,FIFA-SQUAD-PDF,fifa-usa-max-arfsten
USA,Miles Robinson,Robinson; Robinson Miles,FIFA-SQUAD-PDF,fifa-usa-miles-robinson
USA,Ricardo Pepi,Pepi; Pepi Ricardo,FIFA-SQUAD-PDF,fifa-usa-ricardo-pepi
USA,Sebastian Berhalter,Berhalter; Berhalter Sebastian,FIFA-SQUAD-PDF,fifa-usa-sebastian-berhalter
USA,Sergino Dest,Dest; Dest Sergino,FIFA-SQUAD-PDF,fifa-usa-sergino-dest
USA,Tim Ream,Ream; Ream Tim,FIFA-SQUAD-PDF,fifa-usa-tim-ream
USA,Timothy Weah,Weah; Weah Timothy,FIFA-SQUAD-PDF,fifa-usa-timothy-weah
USA,Tyler Adams,Adams; Adams Tyler,FIFA-SQUAD-PDF,fifa-usa-tyler-adams
USA,Weston McKennie,McKennie; McKennie Weston,FIFA-SQUAD-PDF,fifa-usa-weston-mckennie
Uruguay,Agustin Canobbio,Canobbio; Canobbio Agustin,FIFA-SQUAD-PDF,fifa-uruguay-agustin-canobbio
Uruguay,Brian Rodriguez,Rodriguez; Rodriguez Brian,FIFA-SQUAD-PDF,fifa-uruguay-brian-rodriguez
Uruguay,Darwin Nunez,Nunez; Nunez Darwin,FIFA-SQUAD-PDF,fifa-uruguay-darwin-nunez
Uruguay,Emiliano Martinez,Martinez; Martinez Emiliano,FIFA-SQUAD-PDF,fifa-uruguay-emiliano-martinez
Uruguay,Facundo Pellistri,Pellistri; Pellistri Facundo,FIFA-SQUAD-PDF,fifa-uruguay-facundo-pellistri
Uruguay,Federico Valverde,Valverde; Valverde Federico,FIFA-SQUAD-PDF,fifa-uruguay-federico-valverde
Uruguay,Federico Vinas,Vinas; Vinas Federico,FIFA-SQUAD-PDF,fifa-uruguay-federico-vinas
Uruguay,Fernando Muslera,Muslera; Muslera Fernando,FIFA-SQUAD-PDF,fifa-uruguay-fernando-muslera
Uruguay,Giorgian De Arrascaeta,De Arrascaeta; De Arrascaeta Giorgian,FIFA-SQUAD-PDF,fifa-uruguay-giorgian-de-arrascaeta
Uruguay,Guillermo Varela,Varela; Varela Guillermo,FIFA-SQUAD-PDF,fifa-uruguay-guillermo-varela
Uruguay,Joaquin Piquerez,Piquerez; Piquerez Joaquin,FIFA-SQUAD-PDF,fifa-uruguay-joaquin-piquerez
Uruguay,Jose Gimenez,Gimenez; Gimenez Jose,FIFA-SQUAD-PDF,fifa-uruguay-jose-gimenez
Uruguay,Juan Sanabria,Sanabria; Sanabria Juan,FIFA-SQUAD-PDF,fifa-uruguay-juan-sanabria
Uruguay,Manuel Ugarte,Ugarte; Ugarte Manuel,FIFA-SQUAD-PDF,fifa-uruguay-manuel-ugarte
Uruguay,Mathias Olivera,Olivera; Olivera Mathias,FIFA-SQUAD-PDF,fifa-uruguay-mathias-olivera
Uruguay,Matias Vina,Vina; Vina Matias,FIFA-SQUAD-PDF,fifa-uruguay-matias-vina
Uruguay,Maxi Araujo,Araujo; Araujo Maxi,FIFA-SQUAD-PDF,fifa-uruguay-maxi-araujo
Uruguay,Nicolas De La Cruz,De La Cruz; De La Cruz Nicolas,FIFA-SQUAD-PDF,fifa-uruguay-nicolas-de-la-cruz
Uruguay,Rodrigo Aguirre,Aguirre; Aguirre Rodrigo,FIFA-SQUAD-PDF,fifa-uruguay-rodrigo-aguirre
Uruguay,Rodrigo Bentancur,Bentancur; Bentancur Rodrigo,FIFA-SQUAD-PDF,fifa-uruguay-rodrigo-bentancur
Uruguay,Rodrigo Zalazar,Zalazar; Zalazar Rodrigo,FIFA-SQUAD-PDF,fifa-uruguay-rodrigo-zalazar
Uruguay,Ronald Araujo,Araujo; Araujo Ronald,FIFA-SQUAD-PDF,fifa-uruguay-ronald-araujo
Uruguay,Santiago Bueno,Bueno; Bueno Santiago,FIFA-SQUAD-PDF,fifa-uruguay-santiago-bueno
Uruguay,Santiago Mele,Mele; Mele Santiago,FIFA-SQUAD-PDF,fifa-uruguay-santiago-mele
Uruguay,Sebastian Caceres,Caceres; Caceres Sebastian,FIFA-SQUAD-PDF,fifa-uruguay-sebastian-caceres
Uruguay,Sergio Rochet,Rochet; Rochet Sergio,FIFA-SQUAD-PDF,fifa-uruguay-sergio-rochet
Uzbekistan,Abbosbek Fayzullaev,Fayzullaev; Fayzullaev Abbosbek,FIFA-SQUAD-PDF,fifa-uzbekistan-abbosbek-fayzullaev
Uzbekistan,Abdukodir Khusanov,Khusanov; Khusanov Abdukodir,FIFA-SQUAD-PDF,fifa-uzbekistan-abdukodir-khusanov
Uzbekistan,Abdulla Abdullaev,Abdullaev; Abdullaev Abdulla,FIFA-SQUAD-PDF,fifa-uzbekistan-abdulla-abdullaev
Uzbekistan,Abduvohid Nematov,Nematov; Nematov Abduvohid,FIFA-SQUAD-PDF,fifa-uzbekistan-abduvohid-nematov
Uzbekistan,Akmal Mozgovoy,Mozgovoy; Mozgovoy Akmal,FIFA-SQUAD-PDF,fifa-uzbekistan-akmal-mozgovoy
Uzbekistan,Avazbek Ulmasaliyev,Ulmasaliyev; Ulmasaliyev Avazbek,FIFA-SQUAD-PDF,fifa-uzbekistan-avazbek-ulmasaliyev
Uzbekistan,Azizbek Amonov,Amonov; Amonov Azizbek,FIFA-SQUAD-PDF,fifa-uzbekistan-azizbek-amonov
Uzbekistan,Azizjon Ganiev,Ganiev; Ganiev Azizjon,FIFA-SQUAD-PDF,fifa-uzbekistan-azizjon-ganiev
Uzbekistan,Behruzjon Karimov,Karimov; Karimov Behruzjon,FIFA-SQUAD-PDF,fifa-uzbekistan-behruzjon-karimov
Uzbekistan,Botirali Ergashev,Ergashev; Ergashev Botirali,FIFA-SQUAD-PDF,fifa-uzbekistan-botirali-ergashev
Uzbekistan,Dostonbek Khamdamov,Khamdamov; Khamdamov Dostonbek,FIFA-SQUAD-PDF,fifa-uzbekistan-dostonbek-khamdamov
Uzbekistan,Eldor Shomurodov,Shomurodov; Shomurodov Eldor,FIFA-SQUAD-PDF,fifa-uzbekistan-eldor-shomurodov
Uzbekistan,Farrukh Sayfiev,Sayfiev; Sayfiev Farrukh,FIFA-SQUAD-PDF,fifa-uzbekistan-farrukh-sayfiev
Uzbekistan,Igor Sergeev,Sergeev; Sergeev Igor,FIFA-SQUAD-PDF,fifa-uzbekistan-igor-sergeev
Uzbekistan,Jakhongir Urozov,Urozov; Urozov Jakhongir,FIFA-SQUAD-PDF,fifa-uzbekistan-jakhongir-urozov
Uzbekistan,Jaloliddin Masharipov,Masharipov; Masharipov Jaloliddin,FIFA-SQUAD-PDF,fifa-uzbekistan-jaloliddin-masharipov
Uzbekistan,Jamshid Iskanderov,Iskanderov; Iskanderov Jamshid,FIFA-SQUAD-PDF,fifa-uzbekistan-jamshid-iskanderov
Uzbekistan,Khojiakbar Alijonov,Alijonov; Alijonov Khojiakbar,FIFA-SQUAD-PDF,fifa-uzbekistan-khojiakbar-alijonov
Uzbekistan,Odiljon Xamrobekov,Xamrobekov; Xamrobekov Odiljon,FIFA-SQUAD-PDF,fifa-uzbekistan-odiljon-xamrobekov
Uzbekistan,Oston Urunov,Urunov; Urunov Oston,FIFA-SQUAD-PDF,fifa-uzbekistan-oston-urunov
Uzbekistan,Otabek Shukurov,Shukurov; Shukurov Otabek,FIFA-SQUAD-PDF,fifa-uzbekistan-otabek-shukurov
Uzbekistan,Rustam Ashurmatov,Ashurmatov; Ashurmatov Rustam,FIFA-SQUAD-PDF,fifa-uzbekistan-rustam-ashurmatov
Uzbekistan,Sherzod Esanov,Esanov; Esanov Sherzod,FIFA-SQUAD-PDF,fifa-uzbekistan-sherzod-esanov
Uzbekistan,Sherzod Nasrullaev,Nasrullaev; Nasrullaev Sherzod,FIFA-SQUAD-PDF,fifa-uzbekistan-sherzod-nasrullaev
Uzbekistan,Umar Eshmurodov,Eshmurodov; Eshmurodov Umar,FIFA-SQUAD-PDF,fifa-uzbekistan-umar-eshmurodov
Uzbekistan,Utkir Yusupov,Yusupov; Yusupov Utkir,FIFA-SQUAD-PDF,fifa-uzbekistan-utkir-yusupov
